ticker,industry,link,name,stockID
ZAHINTEX,Textile,http://lankabd.com/dse/stock-market/ZAHINTEX/zahintex-industries-limited/financial-statements?companyId=286&stockId=273,Zahintex Industries Limited,273
EASTLAND ,Insurance,http://lankabd.com/dse/stock-market/EASTLAND/eastland-insurance-company-limited/financial-statements?companyId=198&stockId=198,Eastland Insurance Company Limited,198
BDTHAI,Engineering,http://lankabd.com/dse/stock-market/BDTHAI/bangladesh-thai-aluminium-limited/financial-statements?companyId=48&stockId=48,Bangladesh Thai Aluminium Limited,48
FASFIN,Financial Institutions,http://lankabd.com/dse/stock-market/FASFIN/fas-finance-&-investment-limited/financial-statements?companyId=69&stockId=69,FAS Finance & Investment Limited,69
RNSPIN,Textile,http://lankabd.com/dse/stock-market/RNSPIN/r.n.-spinning-mills-limited/financial-statements?companyId=179&stockId=179,R.N. Spinning Mills Limited,179
RUPALIINS,Insurance,http://lankabd.com/dse/stock-market/RUPALIINS/rupali-insurance-company-limited/financial-statements?companyId=225&stockId=225,Rupali Insurance Company Limited,225
AGNISYSL,IT Sector,http://lankabd.com/dse/stock-market/AGNISYSL/agni-systems-limited/financial-statements?companyId=113&stockId=113,Agni Systems Limited,113
DELTALIFE,Insurance,http://lankabd.com/dse/stock-market/DELTALIFE/delta-life-insurance-limited/financial-statements?companyId=195&stockId=195,Delta Life Insurance Limited,195
RAKCERAMIC,Ceramics Sector,http://lankabd.com/dse/stock-market/RAKCERAMIC/rak-ceramics-(bangladesh)-limited/financial-statements?companyId=10&stockId=10,Bangladesh) Limited,10
APEXTANRY,Tannery Industries,http://lankabd.com/dse/stock-market/APEXTANRY/apex-tannery-limited/financial-statements?companyId=156&stockId=156,Apex Tannery Limited,156
LRGLOBMF1,Mutual Funds,http://lankabd.com/dse/stock-market/LRGLOBMF1/lr-global-bangladesh-mutual-fund-one/financial-statements?companyId=232&stockId=232,LR Global Bangladesh Mutual Fund One,232
SUMITPOWER,Fuel & Power,http://lankabd.com/dse/stock-market/SUMITPOWER/summit-power-limited/financial-statements?companyId=111&stockId=111,Summit Power Limited,111
TALLUSPIN,Textile,http://lankabd.com/dse/stock-market/TALLUSPIN/tallu-spinning-spinning-mills-limited/financial-statements?companyId=185&stockId=185,Tallu Spinning Spinning Mills Limited,185
PHARMAID,Pharmaceuticals & Chemicals,http://lankabd.com/dse/stock-market/PHARMAID/pharma-aids-limited/financial-statements?companyId=146&stockId=146,Pharma Aids Limited,146
APEXFOODS,Food & Allied,http://lankabd.com/dse/stock-market/APEXFOODS/apexfoods-/financial-statements?companyId=87&stockId=87,Apex Foods Limited,87
NAVANACNG,Engineering,http://lankabd.com/dse/stock-market/NAVANACNG/navana-cng-limited/financial-statements?companyId=56&stockId=56,Navana CNG Limited,56
ALLTEX,Textile,http://lankabd.com/dse/stock-market/ALLTEX/alltex-industries-limited/financial-statements?companyId=162&stockId=162,Alltex Industries Limited,162
STYLECRAFT,Textile,http://lankabd.com/dse/stock-market/STYLECRAFT/stylecraft-limited/financial-statements?companyId=184&stockId=184,Stylecraft Limited,184
ETL,Textile,http://lankabd.com/dse/stock-market/ETL/evince-textiles-limited/financial-statements?companyId=370&stockId=646,Evince Textiles Limited,646
PRIMEINSUR,Insurance,http://lankabd.com/dse/stock-market/PRIMEINSUR/prime-insurance-company-limited/financial-statements?companyId=218&stockId=218,Prime Insurance Company Limited,218
SQURPHARMA,Pharmaceuticals & Chemicals,http://lankabd.com/dse/stock-market/SQURPHARMA/square-pharmaceuticals-limited/financial-statements?companyId=150&stockId=150,Square Pharmaceuticals Limited,150
DSHGARME,Textile,http://lankabd.com/dse/stock-market/DSHGARME/desh-garmants-limited/financial-statements?companyId=169&stockId=169,Desh Garmants Limited,169
DBH1STMF,Mutual Funds,http://lankabd.com/dse/stock-market/DBH1STMF/dbh-first-mutual-fund/financial-statements?companyId=249&stockId=249,DBH First Mutual Fund,249
SEBL1STMF,Mutual Funds,http://lankabd.com/dse/stock-market/SEBL1STMF/southeast-bank-1st-mutual-fund/financial-statements?companyId=269&stockId=269,Southeast Bank 1st Mutual Fund,269
PHENIXINS,Insurance,http://lankabd.com/dse/stock-market/PHENIXINS/phoenix-insurance-company-ltd./financial-statements?companyId=213&stockId=213,Phoenix Insurance Company Ltd.,213
ANWARGALV,Engineering,http://lankabd.com/dse/stock-market/ANWARGALV/anwar-galvanizing-limited/financial-statements?companyId=43&stockId=43,Anwar Galvanizing Limited,43
UTTARABANK,Bank,http://lankabd.com/dse/stock-market/UTTARABANK/uttara-bank-limited/financial-statements?companyId=41&stockId=41,Uttara Bank Limited,41
RSRMSTEEL,Engineering,http://lankabd.com/dse/stock-market/RSRMSTEEL/rsrmsteel/financial-statements?companyId=344&stockId=620,Ratanpur Steel Re-Rolling Mills Limited,620
SAMORITA,Services & Real Estate,http://lankabd.com/dse/stock-market/SAMORITA/samorita-hospital-limited/financial-statements?companyId=153&stockId=153,Samorita Hospital Limited,153
FEKDIL,Textile,http://lankabd.com/dse/stock-market/FEKDIL/far-east-knitting-&-dyeing-industries-limited/financial-statements?companyId=341&stockId=611,Far East Knitting & Dyeing Industries Limited,611
EMERALDOIL,Food & Allied,http://lankabd.com/dse/stock-market/EMERALDOIL/emeraldoil/financial-statements?companyId=333&stockId=604,Emerald Oil Industries Limited,604
ACIFORMULA,Pharmaceuticals & Chemicals,http://lankabd.com/dse/stock-market/ACIFORMULA/aci-formulations-limited/financial-statements?companyId=132&stockId=132,ACI Formulations Limited,132
PIONEERINS,Insurance,http://lankabd.com/dse/stock-market/PIONEERINS/pioneer-insurance-comapny-limited/financial-statements?companyId=214&stockId=214,Pioneer Insurance Comapny Limited,214
TUNGHAI,Textile,http://lankabd.com/dse/stock-market/TUNGHAI/tung-hai-knitting-&-dyeing-limited/financial-statements?companyId=340&stockId=617,Tung Hai Knitting & Dyeing Limited,617
ASIAINS,Insurance,http://lankabd.com/dse/stock-market/ASIAINS/asia-insurance-limited/financial-statements?companyId=189&stockId=189,Asia Insurance Limited,189
DACCADYE,Textile,http://lankabd.com/dse/stock-market/DACCADYE/the-dacca-dyeing-&-manufacturing-co.limited/financial-statements?companyId=167&stockId=167,The Dacca Dyeing & Manufacturing Co.Limited,167
UCB,Bank,http://lankabd.com/dse/stock-market/UCB/united-commercial-bank-limited/financial-statements?companyId=40&stockId=40,United Commercial Bank Limited,40
HRTEX,Textile,http://lankabd.com/dse/stock-market/HRTEX/h.r.textile-mills-limited/financial-statements?companyId=171&stockId=171,H.R.Textile Mills Limited,171
EHL,Services & Real Estate,http://lankabd.com/dse/stock-market/EHL/eastern-housing-limited/financial-statements?companyId=151&stockId=151,Eastern Housing Limited,151
BNICL,Insurance,http://lankabd.com/dse/stock-market/BNICL/bangladesh-national-insurance-company-limited/financial-statements?companyId=360&stockId=645,Bangladesh National Insurance Company Limited,645
ARAMITCEM ,Cement,http://lankabd.com/dse/stock-market/ARAMITCEM/aramit-cement/financial-statements?companyId=2&stockId=2,Aramit Cement,2
LINDEBD,Fuel & Power,http://lankabd.com/dse/stock-market/LINDEBD/linde-bangladesh-limited/financial-statements?companyId=302&stockId=289,Linde Bangladesh Limited,289
VAMLBDMF1,Mutual Funds,http://lankabd.com/dse/stock-market/VAMLBDMF1/vanguard-aml-bd-finance-mutual-fund-one/financial-statements?companyId=366&stockId=641,Vanguard AML BD Finance Mutual Fund One,641
MATINSPINN,Textile,http://lankabd.com/dse/stock-market/MATINSPINN/matin-spinning-mills-limited/financial-statements?companyId=334&stockId=606,Matin Spinning Mills Limited,606
IFADAUTOS,Engineering,http://lankabd.com/dse/stock-market/IFADAUTOS/ifad-autos-limited/financial-statements?companyId=351&stockId=627,IFAD Autos Limited,627
CMCKAMAL,Textile,http://lankabd.com/dse/stock-market/CMCKAMAL/cmc-kamal-textile-mills-limited/financial-statements?companyId=166&stockId=166,CMC Kamal Textile Mills Limited,166
TAKAFULINS,Insurance,http://lankabd.com/dse/stock-market/TAKAFULINS/takaful-islami-insurance-limited/financial-statements?companyId=230&stockId=230,Takaful Islami Insurance Limited,230
DESHBANDHU,Engineering,http://lankabd.com/dse/stock-market/DESHBANDHU/deshbandhu-polymer-limited/financial-statements?companyId=50&stockId=50,Deshbandhu Polymer Limited,50
EBL1STMF,Mutual Funds,http://lankabd.com/dse/stock-market/EBL1STMF/ebl-first-mutual-fund/financial-statements?companyId=250&stockId=250,EBL First Mutual Fund,250
CITYBANK,Bank,http://lankabd.com/dse/stock-market/CITYBANK/the-city-bank-limited/financial-statements?companyId=16&stockId=16,The City Bank Limited,16
GHAIL,Food & Allied,http://lankabd.com/dse/stock-market/GHAIL/golden-harvest-agro-industries-limited/financial-statements?companyId=317&stockId=303,Golden Harvest Agro Industries Limited,303
RELIANCINS,Insurance,http://lankabd.com/dse/stock-market/RELIANCINS/reliance-insurance-limited/financial-statements?companyId=223&stockId=223,Reliance Insurance Limited,223
SAIFPOWER,Services & Real Estate,http://lankabd.com/dse/stock-market/SAIFPOWER/saif-powertec-limited/financial-statements?companyId=342&stockId=621,Saif Powertec Limited,621
JAMUNABANK,Bank,http://lankabd.com/dse/stock-market/JAMUNABANK/jamuna-bank-limited/financial-statements?companyId=25&stockId=25,Jamuna Bank Limited,25
BERGERPBL,Miscellaneous,http://lankabd.com/dse/stock-market/BERGERPBL/berger-paints-bangladesh-limited/financial-statements?companyId=122&stockId=122,Berger Paints Bangladesh Limited,122
PURABIGEN,Insurance,http://lankabd.com/dse/stock-market/PURABIGEN/purabi-general-insurance-co.-ltd./financial-statements?companyId=222&stockId=222,Purabi General Insurance Co. Ltd.,222
PROVATIINS,Insurance,http://lankabd.com/dse/stock-market/PROVATIINS/provati-insurance-company-limited/financial-statements?companyId=221&stockId=221,Provati Insurance Company Limited,221
SIBL,Bank,http://lankabd.com/dse/stock-market/SIBL/social-islami-bank-limited/financial-statements?companyId=36&stockId=36,Social Islami Bank Limited,36
FAREASTFIN,Financial Institutions,http://lankabd.com/dse/stock-market/FAREASTFIN/fareast-finance-&-investment-limited/financial-statements?companyId=326&stockId=582,Fareast Finance & Investment Limited,582
LANKABAFIN,Financial Institutions,http://lankabd.com/dse/stock-market/LANKABAFIN/lankabangla-finance-limited/financial-statements?companyId=76&stockId=76,LankaBangla Finance Limited,76
AMANFEED,Miscellaneous,http://lankabd.com/dse/stock-market/AMANFEED/aman-feed-limited/financial-statements?companyId=359&stockId=635,Aman Feed Limited,635
NTLTUBES,Engineering,http://lankabd.com/dse/stock-market/NTLTUBES/national-tubes-limited/financial-statements?companyId=58&stockId=58,National Tubes Limited,58
KARNAPHULI,Insurance,http://lankabd.com/dse/stock-market/KARNAPHULI/karnaphuli-insurance-company-ltd./financial-statements?companyId=205&stockId=205,Karnaphuli Insurance Company Ltd.,205
IFIC,Bank,http://lankabd.com/dse/stock-market/IFIC/ific-bank-limited/financial-statements?companyId=23&stockId=23,IFIC Bank Limited,23
SALVOCHEM,Pharmaceuticals & Chemicals,http://lankabd.com/dse/stock-market/SALVOCHEM/salvo-chemical-industry-limited/financial-statements?companyId=149&stockId=149,Salvo Chemical Industry Limited,149
NORTHERN,Jute,http://lankabd.com/dse/stock-market/NORTHERN/northern-jute-manufacturing-company-limited/financial-statements?companyId=119&stockId=119,Northern Jute Manufacturing Company Limited,119
POWERGRID,Fuel & Power,http://lankabd.com/dse/stock-market/POWERGRID/power-grid-company-of-bangladesh-limited/financial-statements?companyId=110&stockId=110,Power Grid Company of Bangladesh Limited,110
ICB3RDNRB,Mutual Funds,http://lankabd.com/dse/stock-market/ICB3RDNRB/icb-amcl-third-nrb-mutual-fund/financial-statements?companyId=257&stockId=257,ICB AMCL Third NRB Mutual Fund,257
AFCAGRO,Pharmaceuticals & Chemicals,http://lankabd.com/dse/stock-market/AFCAGRO/afc-agro-biotech-limited/financial-statements?companyId=332&stockId=602,AFC Agro Biotech Limited,602
APOLOISPAT,Engineering,http://lankabd.com/dse/stock-market/APOLOISPAT/appollo-ispat-complex-limited/financial-statements?companyId=320&stockId=597,Appollo Ispat Complex Limited,597
POPULAR1MF,Mutual Funds,http://lankabd.com/dse/stock-market/POPULAR1MF/popular-life-first-mutual-fund/financial-statements?companyId=267&stockId=267,Popular Life First Mutual Fund,267
SALAMCRST,Engineering,http://lankabd.com/dse/stock-market/SALAMCRST/s.-alam-cold-rolled-steels-limited/financial-statements?companyId=63&stockId=63,S. Alam Cold Rolled Steels Limited,63
SAMATALETH,Tannery Industries,http://lankabd.com/dse/stock-market/SAMATALETH/samata-leather-complex-limited/financial-statements?companyId=159&stockId=159,Samata Leather Complex Limited,159
TRUSTB1MF,Mutual Funds,http://lankabd.com/dse/stock-market/TRUSTB1MF/trust-bank-1st-mutual-fund/financial-statements?companyId=270&stockId=270,Trust Bank 1st Mutual Fund,270
ICBEPMF1S1,Mutual Funds,http://lankabd.com/dse/stock-market/ICBEPMF1S1/icb-employees-provident-mf-1:-scheme-1/financial-statements?companyId=260&stockId=260,ICB Employees Provident MF 1: Scheme 1,260
INTECH,IT Sector,http://lankabd.com/dse/stock-market/INTECH/intech-limited/financial-statements?companyId=116&stockId=116,Intech Limited,116
AIBL1STIMF,Mutual Funds,http://lankabd.com/dse/stock-market/AIBL1STIMF/aibl-1st-islamic-mutual-fund/financial-statements?companyId=247&stockId=247,AIBL 1st Islamic Mutual Fund,247
MEGHNALIFE,Insurance,http://lankabd.com/dse/stock-market/MEGHNALIFE/meghna-life-insurance-company-limited/financial-statements?companyId=206&stockId=206,Meghna Life Insurance Company Limited,206
EXIM1STMF,Mutual Funds,http://lankabd.com/dse/stock-market/EXIM1STMF/exim1stmf/financial-statements?companyId=323&stockId=566,EXIM Bank 1st Mutual Fund,566
ITC,IT Sector,http://lankabd.com/dse/stock-market/ITC/information-technology-consultants-limited/financial-statements?companyId=364&stockId=639,Information Technology Consultants Limited,639
SANDHANINS,Insurance,http://lankabd.com/dse/stock-market/SANDHANINS/sandhani-life-insurance/financial-statements?companyId=227&stockId=227,Sandhani Life Insurance,227
BDWELDING,Fuel & Power,http://lankabd.com/dse/stock-market/BDWELDING/bangladesh-welding-electrodes-limited/financial-statements?companyId=101&stockId=101,Bangladesh Welding Electrodes Limited,101
NCCBLMF1,Mutual Funds,http://lankabd.com/dse/stock-market/NCCBLMF1/nccbl-mutual-fund-1/financial-statements?companyId=308&stockId=292,NCCBL MUTUAL FUND-1,292
NHFIL,Financial Institutions,http://lankabd.com/dse/stock-market/NHFIL/national-housing-finance-and-investment-limited/financial-statements?companyId=78&stockId=78,National Housing Finance and Investment Limited,78
IFILISLMF1,Mutual Funds,http://lankabd.com/dse/stock-market/IFILISLMF1/ifil-islamic-mutual-fund-1/financial-statements?companyId=263&stockId=263,IFIL Islamic Mutual Fund-1,263
MODERNDYE,Textile,http://lankabd.com/dse/stock-market/MODERNDYE/modern-dyeing-&-screen-printing-limited/financial-statements?companyId=176&stockId=176,Modern Dyeing & Screen Printing Limited,176
MBL1STMF,Mutual Funds,http://lankabd.com/dse/stock-market/MBL1STMF/mbl-1st-mutual-fund/financial-statements?companyId=264&stockId=264,MBL 1st Mutual Fund,264
MPETROLEUM,Fuel & Power,http://lankabd.com/dse/stock-market/MPETROLEUM/meghna-petroleum-limited/financial-statements?companyId=108&stockId=108,Meghna Petroleum Limited,108
ACMELAB,Pharmaceuticals & Chemicals,http://lankabd.com/dse/stock-market/ACMELAB/the-acme-laboratories-limited-/financial-statements?companyId=369&stockId=644,The ACME Laboratories Limited,644
PARAMOUNT,Insurance,http://lankabd.com/dse/stock-market/PARAMOUNT/paramount-insurance-co.-ltd./financial-statements?companyId=211&stockId=211,Paramount Insurance Co. Ltd.,211
RANFOUNDRY,Engineering,http://lankabd.com/dse/stock-market/RANFOUNDRY/rangpur-foundry-limited/financial-statements?companyId=61&stockId=61,Rangpur Foundry Limited,61
UPGDCL,Fuel & Power,http://lankabd.com/dse/stock-market/UPGDCL/united-power-generation-&-distribution-company-limited/financial-statements?companyId=355&stockId=631,United Power Generation & Distribution Company Limited,631
IFIC1STMF,Mutual Funds,http://lankabd.com/dse/stock-market/IFIC1STMF/ific-bank-1st-mutual-fund/financial-statements?companyId=262&stockId=262,IFIC Bank 1st Mutual Fund,262
MEGHNACEM,Cement,http://lankabd.com/dse/stock-market/MEGHNACEM/meghna-cement-mills-limited/financial-statements?companyId=6&stockId=6,Meghna Cement Mills Limited,6
BSRMLTD,Engineering,http://lankabd.com/dse/stock-market/BSRMLTD/bangladesh-steel-re-rolling-mills-limited/financial-statements?companyId=356&stockId=632,Bangladesh Steel Re-Rolling Mills Limited,632
MICEMENT,Cement,http://lankabd.com/dse/stock-market/MICEMENT/m.i.-cement-factory-limited/financial-statements?companyId=7&stockId=7,M.I. Cement Factory Limited,7
BDLAMPS,Engineering,http://lankabd.com/dse/stock-market/BDLAMPS/bangladesh-lamps-limited/financial-statements?companyId=47&stockId=47,Bangladesh Lamps Limited,47
JMISMDL,Pharmaceuticals & Chemicals,http://lankabd.com/dse/stock-market/JMISMDL/jmi-syringes-&-medical-devices-ltd/financial-statements?companyId=325&stockId=565,JMI Syringes & Medical Devices Ltd,565
ARAMIT,Miscellaneous,http://lankabd.com/dse/stock-market/ARAMIT/aramit-limited/financial-statements?companyId=121&stockId=121,Aramit Limited,121
USMANIAGL,Miscellaneous,http://lankabd.com/dse/stock-market/USMANIAGL/usmania-glass-sheet-factory-limited/financial-statements?companyId=129&stockId=129,Usmania Glass Sheet Factory Limited,129
SQUARETEXT,Textile,http://lankabd.com/dse/stock-market/SQUARETEXT/square-textile-limited/financial-statements?companyId=183&stockId=183,Square Textile Limited,183
NATLIFEINS,Insurance,http://lankabd.com/dse/stock-market/NATLIFEINS/national-life-insurance-company-limited/financial-statements?companyId=208&stockId=208,National Life Insurance Company Limited,208
GREENDELMF,Mutual Funds,http://lankabd.com/dse/stock-market/GREENDELMF/green-delta-mutual-fund/financial-statements?companyId=254&stockId=254,Green Delta Mutual Fund,254
GP,Telecommunication,http://lankabd.com/dse/stock-market/GP/grameenphone-limited/financial-statements?companyId=160&stockId=160,Grameenphone Limited,160
BDCOM,IT Sector,http://lankabd.com/dse/stock-market/BDCOM/bdcom-online-limited/financial-statements?companyId=114&stockId=114,BDCOM Online Limited,114
DULAMIACOT,Textile,http://lankabd.com/dse/stock-market/DULAMIACOT/dulamia-cotton-spinning-mills-limited/financial-statements?companyId=170&stockId=170,Dulamia Cotton Spinning Mills Limited,170
VAMLRBBF,Mutual Funds,http://lankabd.com/dse/stock-market/VAMLRBBF/vanguard-aml-rupali-bank-balanced-fund/financial-statements?companyId=373&stockId=649,Vanguard AML Rupali Bank Balanced Fund,649
MITHUNKNIT,Textile,http://lankabd.com/dse/stock-market/MITHUNKNIT/mithun-knitting-and-dyeing-limited/financial-statements?companyId=175&stockId=175,Mithun Knitting and Dyeing Limited,175
POPULARLIF,Insurance,http://lankabd.com/dse/stock-market/POPULARLIF/popular-life-insurance-co.-limited/financial-statements?companyId=215&stockId=215,Popular Life Insurance Co. Limited,215
BXSYNTH,Pharmaceuticals & Chemicals,http://lankabd.com/dse/stock-market/BXSYNTH/beximco-synthetics-limited/financial-statements?companyId=137&stockId=137,Beximco Synthetics Limited,137
HEIDELBCEM,Cement,http://lankabd.com/dse/stock-market/HEIDELBCEM/heidelberg-cement-bangladesh-limited/financial-statements?companyId=4&stockId=4,Heidelberg Cement Bangladesh Limited,4
LEGACYFOOT,Tannery Industries,http://lankabd.com/dse/stock-market/LEGACYFOOT/legacy-footwear-limited/financial-statements?companyId=158&stockId=158,Legacy Footwear Limited,158
AMBEEPHA,Pharmaceuticals & Chemicals,http://lankabd.com/dse/stock-market/AMBEEPHA/ambee-pharmaceuticals-limited/financial-statements?companyId=134&stockId=134,Ambee Pharmaceuticals Limited,134
PRIMELIFE,Insurance,http://lankabd.com/dse/stock-market/PRIMELIFE/prime-islami-life-insurance-limited/financial-statements?companyId=219&stockId=219,Prime Islami Life Insurance Limited,219
ICBSONALI1,Mutual Funds,http://lankabd.com/dse/stock-market/ICBSONALI1/icb-amcl-sonali-bank-limited-1st-mutual-fund/financial-statements?companyId=324&stockId=563,ICB AMCL Sonali Bank Limited 1st Mutual Fund,563
BSRMSTEEL,Engineering,http://lankabd.com/dse/stock-market/BSRMSTEEL/bsrm-steels-limited/financial-statements?companyId=49&stockId=49,BSRM Steels Limited,49
DUTCHBANGL,Bank,http://lankabd.com/dse/stock-market/DUTCHBANGL/dutch-bangla-bank-limited/financial-statements?companyId=18&stockId=18,Dutch-Bangla Bank Limited,18
RAHIMAFOOD,Food & Allied,http://lankabd.com/dse/stock-market/RAHIMAFOOD/rahima-food-limited/financial-statements?companyId=98&stockId=98,Rahima Food Limited,98
FAREASTLIF,Insurance,http://lankabd.com/dse/stock-market/FAREASTLIF/fareast-islami-life-insurance-company-limited/financial-statements?companyId=199&stockId=199,Fareast Islami Life Insurance Company Limited,199
METROSPIN,Textile,http://lankabd.com/dse/stock-market/METROSPIN/metro-spinning-limited/financial-statements?companyId=174&stockId=174,Metro Spinning Limited,174
GRAMEENS2,Mutual Funds,http://lankabd.com/dse/stock-market/GRAMEENS2/grameen-one-:-scheme-two/financial-statements?companyId=253&stockId=253,Grameen One : Scheme Two,253
APEXFOOT,Tannery Industries,http://lankabd.com/dse/stock-market/APEXFOOT/apex-footwear-limited/financial-statements?companyId=155&stockId=155,Apex Footwear Limited,155
DBH,Financial Institutions,http://lankabd.com/dse/stock-market/DBH/delta-brac-housing-finance-corp.-limited/financial-statements?companyId=68&stockId=68,Delta Brac Housing Finance Corp. Limited,68
IBBLPBOND,Corporate Bond,http://lankabd.com/dse/stock-market/IBBLPBOND/ibbl-mudaraba-perpetual-bond/financial-statements?companyId=235&stockId=235,IBBL Mudaraba Perpetual Bond,235
BANKASIA,Bank,http://lankabd.com/dse/stock-market/BANKASIA/bank-asia-limited/financial-statements?companyId=14&stockId=14,Bank Asia Limited,14
MONNOCERA,Ceramics Sector,http://lankabd.com/dse/stock-market/MONNOCERA/monno-ceramic-industries-limited/financial-statements?companyId=9&stockId=9,Monno Ceramic Industries Limited,9
RECKITTBEN,Pharmaceuticals & Chemicals,http://lankabd.com/dse/stock-market/RECKITTBEN/reckitt-benckiser(bd.)limited/financial-statements?companyId=147&stockId=147,Reckitt Benckiser(Bd.)Limited,147
AZIZPIPES ,Engineering,http://lankabd.com/dse/stock-market/AZIZPIPES/aziz-pipes-limited/financial-statements?companyId=45&stockId=45,Aziz Pipes Limited,45
ORIONINFU,Pharmaceuticals & Chemicals,http://lankabd.com/dse/stock-market/ORIONINFU/orion-infusion-limited/financial-statements?companyId=145&stockId=145,Orion Infusion Limited,145
PRIME1ICBA,Mutual Funds,http://lankabd.com/dse/stock-market/PRIME1ICBA/prime-bank-1st-icb-amcl-mutual-fund/financial-statements?companyId=268&stockId=268,Prime Bank 1st ICB AMCL Mutual Fund,268
IBNSINA,Pharmaceuticals & Chemicals,http://lankabd.com/dse/stock-market/IBNSINA/the-ibn-sina-pharmaceutical-industry-limited/financial-statements?companyId=139&stockId=139,The Ibn Sina Pharmaceutical Industry Limited,139
KOHINOOR,Pharmaceuticals & Chemicals,http://lankabd.com/dse/stock-market/KOHINOOR/kohinoor-chemicals-limited/financial-statements?companyId=142&stockId=142,Kohinoor Chemicals Limited,142
SPCERAMICS,Ceramics Sector,http://lankabd.com/dse/stock-market/SPCERAMICS/shinepukur-ceramics-limited/financial-statements?companyId=11&stockId=11,Shinepukur Ceramics Limited,11
RENWICKJA,Engineering,http://lankabd.com/dse/stock-market/RENWICKJA/renwick-jajneswar-&-company-(bd)/financial-statements?companyId=62&stockId=62,Bd),62
PEOPLESINS,Insurance,http://lankabd.com/dse/stock-market/PEOPLESINS/peoples-insurance-company-limited/financial-statements?companyId=212&stockId=212,Peoples Insurance Company Limited,212
ICB2NDNRB,Mutual Funds,http://lankabd.com/dse/stock-market/ICB2NDNRB/icb-amcl-2nd-nrb-mutual-fund/financial-statements?companyId=256&stockId=256,ICB AMCL 2nd NRB Mutual Fund,256
MJLBD,Fuel & Power,http://lankabd.com/dse/stock-market/MJLBD/mjl-bangladesh-limited/financial-statements?companyId=285&stockId=272,MJL Bangladesh Limited,272
LIBRAINFU,Pharmaceuticals & Chemicals,http://lankabd.com/dse/stock-market/LIBRAINFU/libra-infusions-limited/financial-statements?companyId=143&stockId=143,Libra Infusions Limited,143
AGRANINS,Insurance,http://lankabd.com/dse/stock-market/AGRANINS/agrani-insurance-company-ltd./financial-statements?companyId=188&stockId=188,Agrani Insurance Company Ltd.,188
BEACHHATCH,Food & Allied,http://lankabd.com/dse/stock-market/BEACHHATCH/beach-hatchery-limited/financial-statements?companyId=90&stockId=90,Beach Hatchery Limited,90
RELIANCE1,Mutual Funds,http://lankabd.com/dse/stock-market/RELIANCE1/reliance-one-the-1st-scheme-of-reliance-insurance-mutual-fund/financial-statements?companyId=271&stockId=271,Reliance One the 1st scheme of Reliance Insurance Mutual Fund,271
ECABLES,Engineering,http://lankabd.com/dse/stock-market/ECABLES/eastern-cables-limited/financial-statements?companyId=51&stockId=51,Eastern Cables Limited,51
SAFKOSPINN,Textile,http://lankabd.com/dse/stock-market/SAFKOSPINN/safko-spinnings-mills-limited/financial-statements?companyId=180&stockId=180,Safko Spinnings Mills Limited,180
FUWANGCER,Ceramics Sector,http://lankabd.com/dse/stock-market/FUWANGCER/fu-wang-ceramic-limited/financial-statements?companyId=8&stockId=8,Fu-Wang Ceramic Limited,8
BEACONPHAR,Pharmaceuticals & Chemicals,http://lankabd.com/dse/stock-market/BEACONPHAR/beacon-pharmaceuticals-limited/financial-statements?companyId=135&stockId=135,Beacon Pharmaceuticals Limited,135
FAMILYTEX,Textile,http://lankabd.com/dse/stock-market/FAMILYTEX/familytex-(bd)-limited/financial-statements?companyId=321&stockId=564,BD) Limited,564
BSCCL,Telecommunication,http://lankabd.com/dse/stock-market/BSCCL/bangladesh-submarine-cable-company-limited--/financial-statements?companyId=292&stockId=279,Bangladesh Submarine Cable Company Limited,279
ABBANK,Bank,http://lankabd.com/dse/stock-market/ABBANK/ab-bank-limited/financial-statements?companyId=1&stockId=1,AB Bank Limited,1
LAFSURCEML,Cement,http://lankabd.com/dse/stock-market/LAFSURCEML/lafarge-surma-cement-limited/financial-statements?companyId=5&stockId=5,Lafarge Surma Cement Limited,5
SEMLLECMF,Mutual Funds,http://lankabd.com/dse/stock-market/SEMLLECMF/seml-lecture-equity-management-fund/financial-statements?companyId=365&stockId=640,SEML Lecture Equity Management Fund,640
ISLAMIINS,Insurance,http://lankabd.com/dse/stock-market/ISLAMIINS/islami-insurance-bangladesh-limited/financial-statements?companyId=203&stockId=203,Islami Insurance Bangladesh Limited,203
ORIONPHARM,Pharmaceuticals & Chemicals,http://lankabd.com/dse/stock-market/ORIONPHARM/orion-pharma-limited/financial-statements?companyId=318&stockId=325,Orion Pharma Limited,325
OLYMPIC ,Food & Allied,http://lankabd.com/dse/stock-market/OLYMPIC/olympic-industries/financial-statements?companyId=59&stockId=59,Olympic Industries,59
BANGAS,Food & Allied,http://lankabd.com/dse/stock-market/BANGAS/bangas-limited/financial-statements?companyId=88&stockId=88,Bangas Limited,88
SAIHAMCOT,Textile,http://lankabd.com/dse/stock-market/SAIHAMCOT/saiham-cotton-mills-limited/financial-statements?companyId=303&stockId=290,Saiham Cotton Mills Limited,290
CAPMBDBLMF,Mutual Funds,http://lankabd.com/dse/stock-market/CAPMBDBLMF/capm-bdbl-mutual-fund-01/financial-statements?companyId=374&stockId=651,CAPM BDBL Mutual Fund 01,651
FIRSTSBANK,Bank,http://lankabd.com/dse/stock-market/FIRSTSBANK/first-security-islami-bank-limited/financial-statements?companyId=21&stockId=21,First Security Islami Bank Limited,21
MAKSONSPIN,Textile,http://lankabd.com/dse/stock-market/MAKSONSPIN/maksons-spinning-mills-limited/financial-statements?companyId=172&stockId=172,Maksons Spinning Mills Limited,172
SPCL,Fuel & Power,http://lankabd.com/dse/stock-market/SPCL/shahjibazar-power-co.-ltd./financial-statements?companyId=337&stockId=613,Shahjibazar Power Co. Ltd.,613
BARKAPOWER,Fuel & Power,http://lankabd.com/dse/stock-market/BARKAPOWER/baraka-power-limited/financial-statements?companyId=102&stockId=102,Baraka Power Limited,102
PLFSL,Financial Institutions,http://lankabd.com/dse/stock-market/PLFSL/peoples-leasing-and-financial-services-limited/financial-statements?companyId=80&stockId=80,Peoples Leasing and Financial Services Limited,80
FEDERALINS,Insurance,http://lankabd.com/dse/stock-market/FEDERALINS/federal-insurance-company-limited/financial-statements?companyId=200&stockId=200,Federal Insurance Company Limited,200
GOLDENSON,Engineering,http://lankabd.com/dse/stock-market/GOLDENSON/golden-son-limited/financial-statements?companyId=52&stockId=52,Golden Son Limited,52
NPOLYMAR,Engineering,http://lankabd.com/dse/stock-market/NPOLYMAR/national-polymer-industries-limited/financial-statements?companyId=57&stockId=57,National Polymer Industries Limited,57
ATCSLGF,Mutual Funds,http://lankabd.com/dse/stock-market/ATCSLGF/asian-tiger-sandhani-life-growth-fund/financial-statements?companyId=354&stockId=630,Asian Tiger Sandhani Life Growth Fund,630
UNITEDAIR,Travel & Leisure,http://lankabd.com/dse/stock-market/UNITEDAIR/united-airways-(bd)-limited/financial-statements?companyId=187&stockId=187,BD) Limited,187
MIRACLEIND,Miscellaneous,http://lankabd.com/dse/stock-market/MIRACLEIND/miracle-industries-limited/financial-statements?companyId=126&stockId=126,Miracle Industries Limited,126
SHAHJABANK,Bank,http://lankabd.com/dse/stock-market/SHAHJABANK/shahjalal-islami-bank-limited/financial-statements?companyId=35&stockId=35,Shahjalal Islami Bank Limited,35
EXIMBANK,Bank,http://lankabd.com/dse/stock-market/EXIMBANK/export-import-(exim)-bank-of-bangladesh/financial-statements?companyId=20&stockId=20,Exim) Bank of Bangladesh,20
1JANATAMF,Mutual Funds,http://lankabd.com/dse/stock-market/1JANATAMF/first-janata-bank-mutual-fund/financial-statements?companyId=236&stockId=236,First Janata Bank Mutual Fund,236
NITOLINS,Insurance,http://lankabd.com/dse/stock-market/NITOLINS/nitol-insurance-company-limited/financial-statements?companyId=209&stockId=209,Nitol Insurance Company Limited,209
FIRSTFIN,Financial Institutions,http://lankabd.com/dse/stock-market/FIRSTFIN/first-finance-limited/financial-statements?companyId=70&stockId=70,First Finance Limited,70
CNATEX,Textile,http://lankabd.com/dse/stock-market/CNATEX/c-&-a-textiles-limited/financial-statements?companyId=350&stockId=626,C & A Textiles Limited,626
ENVOYTEX,Textile,http://lankabd.com/dse/stock-market/ENVOYTEX/envoy-textiles-limited/financial-statements?companyId=305&stockId=299,Envoy Textiles Limited,299
ASIAPACINS,Insurance,http://lankabd.com/dse/stock-market/ASIAPACINS/asia-pacific-general-insurance-company-limited/financial-statements?companyId=190&stockId=190,Asia Pacific General Insurance Company Limited,190
ABB1STMF,Mutual Funds,http://lankabd.com/dse/stock-market/ABB1STMF/ab-bank-1st-mutual-fund/financial-statements?companyId=310&stockId=294,AB BANK 1ST MUTUAL FUND,294
TITASGAS,Fuel & Power,http://lankabd.com/dse/stock-market/TITASGAS/titas-gas-transmission-&-distribution-company-limited/financial-statements?companyId=112&stockId=112,Titas Gas Transmission & Distribution Company Limited,112
DHAKAINS,Insurance,http://lankabd.com/dse/stock-market/DHAKAINS/dhaka-insurance-limited/financial-statements?companyId=196&stockId=196,Dhaka Insurance Limited,196
PREMIERCEM,Cement,http://lankabd.com/dse/stock-market/PREMIERCEM/premier-cement-mills-limited/financial-statements?companyId=314&stockId=302,Premier Cement Mills Limited,302
BEXIMCO,Miscellaneous,http://lankabd.com/dse/stock-market/BEXIMCO/beximco-limited/financial-statements?companyId=123&stockId=123,BEXIMCO Limited,123
PUBALIBANK,Bank,http://lankabd.com/dse/stock-market/PUBALIBANK/pubali-bank-limited/financial-statements?companyId=33&stockId=33,Pubali Bank Limited,33
PROGRESLIF,Insurance,http://lankabd.com/dse/stock-market/PROGRESLIF/progressive-life-insurance-co.-limited/financial-statements?companyId=220&stockId=220,Progressive Life Insurance Co. Limited,220
FINEFOODS,Food & Allied,http://lankabd.com/dse/stock-market/FINEFOODS/fine-foods-limited/financial-statements?companyId=92&stockId=92,Fine Foods Limited,92
PF1STMF,Mutual Funds,http://lankabd.com/dse/stock-market/PF1STMF/phoenix-finance-1st-mutual-fund/financial-statements?companyId=265&stockId=265,Phoenix Finance 1st Mutual Fund,265
TOSRIFA,Textile,http://lankabd.com/dse/stock-market/TOSRIFA/tosrifa-industries-limited/financial-statements?companyId=357&stockId=633,Tosrifa Industries Limited,633
FUWANGFOOD,Food & Allied,http://lankabd.com/dse/stock-market/FUWANGFOOD/fu-wang-foods-limited/financial-statements?companyId=93&stockId=93,Fu Wang Foods Limited,93
NFML,Miscellaneous,http://lankabd.com/dse/stock-market/NFML/national-feed-mill-limited/financial-statements?companyId=349&stockId=625,National Feed Mill Limited,625
BDAUTOCA,Engineering,http://lankabd.com/dse/stock-market/BDAUTOCA/bangladesh-autocars-limited/financial-statements?companyId=46&stockId=46,Bangladesh Autocars Limited,46
CENTRALINS,Insurance,http://lankabd.com/dse/stock-market/CENTRALINS/central-insurance-company-ltd./financial-statements?companyId=192&stockId=192,Central Insurance Company Ltd.,192
JUTESPINN,Jute,http://lankabd.com/dse/stock-market/JUTESPINN/jute-spinners-limited/financial-statements?companyId=118&stockId=118,Jute Spinners Limited,118
MERCINS,Insurance,http://lankabd.com/dse/stock-market/MERCINS/mercantile-insurance-company-ltd./financial-statements?companyId=207&stockId=207,Mercantile Insurance Company Ltd.,207
UNITEDFIN,Financial Institutions,http://lankabd.com/dse/stock-market/UNITEDFIN/united-finance-limited/financial-statements?companyId=83&stockId=83,United Finance Limited,83
SHASHADNIM,Textile,http://lankabd.com/dse/stock-market/SHASHADNIM/shasha-denims-limited/financial-statements?companyId=352&stockId=628,Shasha Denims Limited,628
BENGALWTL,Engineering,http://lankabd.com/dse/stock-market/BENGALWTL/bengal-windsor-thermoplastics-limited/financial-statements?companyId=319&stockId=561,Bengal Windsor Thermoplastics Limited,561
SINOBANGLA,Miscellaneous,http://lankabd.com/dse/stock-market/SINOBANGLA/sinobangla-industries-limited/financial-statements?companyId=128&stockId=128,Sinobangla Industries Limited,128
PDL,Textile,http://lankabd.com/dse/stock-market/PDL/pacific-denims-limited/financial-statements?companyId=375&stockId=652,Pacific Denims Limited,652
1STPRIMFMF,Mutual Funds,http://lankabd.com/dse/stock-market/1STPRIMFMF/prime-finance-first-mutual-fund/financial-statements?companyId=239&stockId=239,Prime Finance First Mutual Fund,239
SAVAREFR,Miscellaneous,http://lankabd.com/dse/stock-market/SAVAREFR/savar-refractories-limited/financial-statements?companyId=127&stockId=127,Savar Refractories Limited,127
NCCBANK,Bank,http://lankabd.com/dse/stock-market/NCCBANK/ncc-bank-limited/financial-statements?companyId=29&stockId=29,NCC Bank Limited,29
BGIC,Insurance,http://lankabd.com/dse/stock-market/BGIC/bangladesh-general-insurance-company-ltd.-/financial-statements?companyId=191&stockId=191,Bangladesh General Insurance Company Ltd.,191
SINGERBD,Engineering,http://lankabd.com/dse/stock-market/SINGERBD/singer-bangladesh-limited/financial-statements?companyId=64&stockId=64,Singer Bangladesh Limited,64
GPHISPAT,Engineering,http://lankabd.com/dse/stock-market/GPHISPAT/gph-ispat-limited/financial-statements?companyId=299&stockId=286,GPH Ispat Limited,286
ALARABANK,Bank,http://lankabd.com/dse/stock-market/ALARABANK/al-arafah-islami-bank-limited/financial-statements?companyId=13&stockId=13,Al-Arafah Islami Bank Limited,13
NTC,Food & Allied,http://lankabd.com/dse/stock-market/NTC/national-tea-company-limited/financial-statements?companyId=97&stockId=97,National Tea Company Limited,97
DAFODILCOM,IT Sector,http://lankabd.com/dse/stock-market/DAFODILCOM/daffodil-computers-limited/financial-statements?companyId=115&stockId=115,Daffodil Computers Limited,115
GHCL,Pharmaceuticals & Chemicals,http://lankabd.com/dse/stock-market/GHCL/global-heavy-chemicals-limited/financial-statements?companyId=316&stockId=304,Global Heavy Chemicals Limited,304
CVOPRL,Fuel & Power,http://lankabd.com/dse/stock-market/CVOPRL/cvo-petrochemical-refinery-limited/financial-statements?companyId=288&stockId=275,CVO PETROCHEMICAL REFINERY LIMITED,275
KDSALTD,Engineering,http://lankabd.com/dse/stock-market/KDSALTD/kds-accessories-limited/financial-statements?companyId=361&stockId=636,KDS Accessories Limited,636
NBL,Bank,http://lankabd.com/dse/stock-market/NBL/national-bank-limited/financial-statements?companyId=28&stockId=28,National Bank Limited,28
DESCO,Fuel & Power,http://lankabd.com/dse/stock-market/DESCO/dhaka-electric-supply-company-limited/financial-statements?companyId=104&stockId=104,Dhaka Electric Supply Company Limited,104
SUNLIFEINS,Insurance,http://lankabd.com/dse/stock-market/SUNLIFEINS/sunlife-insurance-company-limited/financial-statements?companyId=315&stockId=301,Sunlife Insurance Company Limited,301
SAIHAMTEX,Textile,http://lankabd.com/dse/stock-market/SAIHAMTEX/saiham-textile-mills-limited/financial-statements?companyId=181&stockId=181,Saiham Textile Mills Limited,181
SONALIANSH,Jute,http://lankabd.com/dse/stock-market/SONALIANSH/sonali-aansh-industries-limited/financial-statements?companyId=120&stockId=120,Sonali Aansh Industries Limited,120
DSSL,Textile,http://lankabd.com/dse/stock-market/DSSL/dragon-sweater-and-spinning-limited/financial-statements?companyId=367&stockId=642,Dragon Sweater and Spinning Limited,642
GREENDELT,Insurance,http://lankabd.com/dse/stock-market/GREENDELT/green-delta-insurance-company-limited/financial-statements?companyId=202&stockId=202,Green Delta Insurance Company Limited,202
ARGONDENIM,Textile,http://lankabd.com/dse/stock-market/ARGONDENIM/argon-denims-limited/financial-statements?companyId=304&stockId=298,Argon Denims Limited,298
MONNOSTAF,Engineering,http://lankabd.com/dse/stock-market/MONNOSTAF/monno-jute-stafflers-limited/financial-statements?companyId=55&stockId=55,Monno Jute Stafflers Limited,55
FORTUNE,Tannery Industries,http://lankabd.com/dse/stock-market/FORTUNE/fortune-shoes-limited/financial-statements?companyId=372&stockId=648,Fortune Shoes Limited,648
KPPL,Paper & Printing,http://lankabd.com/dse/stock-market/KPPL/khulna-printing-&-packaging-limited/financial-statements?companyId=339&stockId=614,Khulna Printing & Packaging Limited,614
STANCERAM,Ceramics Sector,http://lankabd.com/dse/stock-market/STANCERAM/standard-ceramic-limited/financial-statements?companyId=12&stockId=12,Standard Ceramic Limited,12
MHSML,Textile,http://lankabd.com/dse/stock-market/MHSML/mozaffar-hossain-spinning-mills-limited/financial-statements?companyId=331&stockId=599,Mozaffar Hossain Spinning Mills Limited,599
QSMDRYCELL,Engineering,http://lankabd.com/dse/stock-market/QSMDRYCELL/quasem-drycells-limited/financial-statements?companyId=60&stockId=60,Quasem Drycells Limited,60
ATLASBANG,Engineering,http://lankabd.com/dse/stock-market/ATLASBANG/atlas-bangladesh-limited/financial-statements?companyId=44&stockId=44,Atlas Bangladesh Limited,44
SAPORTL,Services & Real Estate,http://lankabd.com/dse/stock-market/SAPORTL/summit-alliance-port-limited/financial-statements?companyId=154&stockId=154,Summit Alliance Port Limited,154
ZEALBANGLA,Food & Allied,http://lankabd.com/dse/stock-market/ZEALBANGLA/zeal-bangla-sugar-mills-limited/financial-statements?companyId=100&stockId=100,Zeal Bangla Sugar Mills Limited,100
HWAWELLTEX,Textile,http://lankabd.com/dse/stock-market/HWAWELLTEX/hwa-well-textiles-(bd)-limited/financial-statements?companyId=335&stockId=608,BD) Limited,608
PRIMEBANK,Bank,http://lankabd.com/dse/stock-market/PRIMEBANK/prime-bank-limited/financial-statements?companyId=32&stockId=32,Prime Bank Limited,32
APEXSPINN,Textile,http://lankabd.com/dse/stock-market/APEXSPINN/apex-spinning-&-knitting-mills-limited/financial-statements?companyId=164&stockId=164,Apex Spinning & Knitting Mills Limited,164
AL-HAJTEX,Textile,http://lankabd.com/dse/stock-market/AL-HAJTEX/al-haj-textile-mills-limited/financial-statements?companyId=161&stockId=161,Al-Haj Textile Mills Limited,161
ICB1STNRB,Mutual Funds,http://lankabd.com/dse/stock-market/ICB1STNRB/icb-amcl-1st-nrb-mutual-fund/financial-statements?companyId=255&stockId=255,ICB AMCL 1st NRB Mutual Fund,255
MALEKSPIN,Textile,http://lankabd.com/dse/stock-market/MALEKSPIN/malek-spinning-mills-limited/financial-statements?companyId=173&stockId=173,Malek Spinning Mills Limited,173
RUPALIBANK,Bank,http://lankabd.com/dse/stock-market/RUPALIBANK/rupali-bank-limited/financial-statements?companyId=34&stockId=34,Rupali Bank Limited,34
KBPPWBIL,Miscellaneous,http://lankabd.com/dse/stock-market/KBPPWBIL/khan-brothers-pp-woven-bag-industries-ltd./financial-statements?companyId=346&stockId=623,Khan Brothers PP Woven Bag Industries Ltd.,623
PADMAOIL,Fuel & Power,http://lankabd.com/dse/stock-market/PADMAOIL/padma-oil-company-limited/financial-statements?companyId=109&stockId=109,Padma Oil Company Limited,109
UNIONCAP,Financial Institutions,http://lankabd.com/dse/stock-market/UNIONCAP/union-capital-limited/financial-statements?companyId=84&stockId=84,Union Capital Limited,84
SOUTHEASTB,Bank,http://lankabd.com/dse/stock-market/SOUTHEASTB/southeast-bank-limited/financial-statements?companyId=37&stockId=37,Southeast Bank Limited,37
SEMLIBBLSF,Mutual Funds,http://lankabd.com/dse/stock-market/SEMLIBBLSF/seml-ibbl-shariah-fund/financial-statements?companyId=376&stockId=653,SEML IBBL Shariah Fund,653
IPDC,Financial Institutions,http://lankabd.com/dse/stock-market/IPDC/ipdc-finance-limited/financial-statements?companyId=74&stockId=74,IPDC Finance Limited,74
ISLAMICFIN,Financial Institutions,http://lankabd.com/dse/stock-market/ISLAMICFIN/islamic-finance-&-investment-limited/financial-statements?companyId=75&stockId=75,Islamic Finance & Investment Limited,75
BBS,Engineering,http://lankabd.com/dse/stock-market/BBS/bangladesh-building-system-ltd./financial-statements?companyId=327&stockId=585,Bangladesh Building System Ltd.,585
BIFC,Financial Institutions,http://lankabd.com/dse/stock-market/BIFC/bangladesh-industrial-fin.-company-limited/financial-statements?companyId=67&stockId=67,Bangladesh Industrial Fin. Company Limited,67
IMAMBUTTON,Pharmaceuticals & Chemicals,http://lankabd.com/dse/stock-market/IMAMBUTTON/imam-button-industries-limited/financial-statements?companyId=140&stockId=140,Imam Button Industries Limited,140
KAY&QUE,Engineering,http://lankabd.com/dse/stock-market/KAY&QUE/kay-and-que-bangladesh-limited/financial-statements?companyId=53&stockId=53,Kay and Que Bangladesh Limited,53
PRAGATIINS,Insurance,http://lankabd.com/dse/stock-market/PRAGATIINS/pragati-insurance-limited/financial-statements?companyId=216&stockId=216,Pragati Insurance Limited,216
GSPFINANCE,Financial Institutions,http://lankabd.com/dse/stock-market/GSPFINANCE/gsp-finance-company-(bangladesh)-limited-/financial-statements?companyId=300&stockId=287,Bangladesh) Limited,287
PENINSULA,Travel & Leisure,http://lankabd.com/dse/stock-market/PENINSULA/the-peninsula-chittagong-limited/financial-statements?companyId=338&stockId=610,The Peninsula Chittagong Limited,610
PADMALIFE,Insurance,http://lankabd.com/dse/stock-market/PADMALIFE/padma-islami-life-insurance-limited-/financial-statements?companyId=301&stockId=288,Padma Islami Life Insurance Limited,288
MERCANBANK,Bank,http://lankabd.com/dse/stock-market/MERCANBANK/mercantile-bank-limited/financial-statements?companyId=26&stockId=26,Mercantile Bank Limited,26
SHEPHERD,Textile,http://lankabd.com/dse/stock-market/SHEPHERD/shepherd-industries-limited/financial-statements?companyId=377&stockId=650,Shepherd Industries Limited,650
EBLNRBMF,Mutual Funds,http://lankabd.com/dse/stock-market/EBLNRBMF/ebl-nrb-mutual-fund/financial-statements?companyId=251&stockId=251,EBL NRB Mutual Fund,251
PREMIERLEA,Financial Institutions,http://lankabd.com/dse/stock-market/PREMIERLEA/premier-leasing-&-finance-limited/financial-statements?companyId=81&stockId=81,Premier Leasing & Finance Limited,81
CONTININS,Insurance,http://lankabd.com/dse/stock-market/CONTININS/continental-insurance-limited/financial-statements?companyId=194&stockId=194,Continental Insurance Limited,194
UNIQUEHRL,Travel & Leisure,http://lankabd.com/dse/stock-market/UNIQUEHRL/unique-hotel-&-resorts-limited/financial-statements?companyId=311&stockId=296,Unique Hotel & Resorts Limited,296
STANDBANKL,Bank,http://lankabd.com/dse/stock-market/STANDBANKL/standard-bank-limited/financial-statements?companyId=38&stockId=38,Standard Bank Limited,38
BXPHARMA,Pharmaceuticals & Chemicals,http://lankabd.com/dse/stock-market/BXPHARMA/beximco-pharma-/financial-statements?companyId=136&stockId=136,BEXIMCO Pharma,136
MTB,Bank,http://lankabd.com/dse/stock-market/MTB/mutual-trust-bank-ltd./financial-statements?companyId=27&stockId=27,Mutual Trust Bank Ltd.,27
TRUSTBANK,Bank,http://lankabd.com/dse/stock-market/TRUSTBANK/trust-bank-limited/financial-statements?companyId=39&stockId=39,Trust Bank Limited,39
CONFIDCEM,Cement,http://lankabd.com/dse/stock-market/CONFIDCEM/confidence-cement-limited/financial-statements?companyId=3&stockId=3,Confidence Cement Limited,3
PRIMEFIN,Financial Institutions,http://lankabd.com/dse/stock-market/PRIMEFIN/prime-finance-&-investment-limited/financial-statements?companyId=82&stockId=82,Prime Finance & Investment Limited,82
FBFIF,Mutual Funds,http://lankabd.com/dse/stock-market/FBFIF/first-bangladesh-fixed-income-fund/financial-statements?companyId=307&stockId=291,First Bangladesh Fixed Income Fund,291
PRIMETEX,Textile,http://lankabd.com/dse/stock-market/PRIMETEX/prime-textile-spinning-mills-limited/financial-statements?companyId=177&stockId=177,Prime Textile Spinning Mills Limited,177
ISNLTD,IT Sector,http://lankabd.com/dse/stock-market/ISNLTD/information-services-network-limited/financial-statements?companyId=117&stockId=117,Information Services Network Limited,117
EBL,Bank,http://lankabd.com/dse/stock-market/EBL/eastern-bank-limited/financial-statements?companyId=19&stockId=19,Eastern Bank Limited,19
IDLC,Financial Institutions,http://lankabd.com/dse/stock-market/IDLC/idlc-finance-limited/financial-statements?companyId=72&stockId=72,IDLC Finance Limited,72
PREMIERBAN,Bank,http://lankabd.com/dse/stock-market/PREMIERBAN/the-premier-bank-limited/financial-statements?companyId=31&stockId=31,The Premier Bank Limited,31
HFL,Textile,http://lankabd.com/dse/stock-market/HFL/hamid-fabrics-limited/financial-statements?companyId=348&stockId=624,Hamid Fabrics Limited,624
RAHIMTEXT,Textile,http://lankabd.com/dse/stock-market/RAHIMTEXT/rahim-textile-mills-limited/financial-statements?companyId=178&stockId=178,Rahim Textile Mills Limited,178
ISLAMIBANK,Bank,http://lankabd.com/dse/stock-market/ISLAMIBANK/islami-bank-limited/financial-statements?companyId=24&stockId=24,Islami Bank Limited,24
SONARGAON,Textile,http://lankabd.com/dse/stock-market/SONARGAON/sonargaon-textiles-limited/financial-statements?companyId=182&stockId=182,Sonargaon Textiles Limited,182
ACI,Pharmaceuticals & Chemicals,http://lankabd.com/dse/stock-market/ACI/aci-limited/financial-statements?companyId=131&stockId=131,ACI Limited,131
EASTERNINS,Insurance,http://lankabd.com/dse/stock-market/EASTERNINS/eastern-insurance-company-ltd./financial-statements?companyId=197&stockId=197,Eastern Insurance Company Ltd.,197
ONEBANKLTD,Bank,http://lankabd.com/dse/stock-market/ONEBANKLTD/one-bank-limited/financial-statements?companyId=30&stockId=30,One Bank Limited,30
PTL,Textile,http://lankabd.com/dse/stock-market/PTL/paramount-textile-limited/financial-statements?companyId=328&stockId=587,Paramount Textile Limited,587
UNITEDINS,Insurance,http://lankabd.com/dse/stock-market/UNITEDINS/united-insurance-company-ltd./financial-statements?companyId=231&stockId=231,United Insurance Company Ltd.,231
DHAKABANK,Bank,http://lankabd.com/dse/stock-market/DHAKABANK/dhaka-bank-limited/financial-statements?companyId=17&stockId=17,Dhaka Bank Limited,17
GEMINISEA,Food & Allied,http://lankabd.com/dse/stock-market/GEMINISEA/gemini-sea-food-limited/financial-statements?companyId=94&stockId=94,Gemini Sea Food Limited,94
JAMUNAOIL,Fuel & Power,http://lankabd.com/dse/stock-market/JAMUNAOIL/jamuna-oil-company-limited/financial-statements?companyId=106&stockId=106,Jamuna Oil Company Limited,106
SHYAMPSUG,Food & Allied,http://lankabd.com/dse/stock-market/SHYAMPSUG/shyampur-sugar-mills-limited/financial-statements?companyId=99&stockId=99,Shyampur Sugar Mills Limited,99
GLOBALINS,Insurance,http://lankabd.com/dse/stock-market/GLOBALINS/global-insurance-ltd./financial-statements?companyId=201&stockId=201,Global Insurance Ltd.,201
AFTABAUTO,Engineering,http://lankabd.com/dse/stock-market/AFTABAUTO/aftab-automobiles-limited/financial-statements?companyId=42&stockId=42,Aftab Automobiles Limited,42
OAL,Engineering,http://lankabd.com/dse/stock-market/OAL/olympic-accessories-limited/financial-statements?companyId=358&stockId=634,Olympic Accessories Limited,634
ICBIBANK,Bank,http://lankabd.com/dse/stock-market/ICBIBANK/icb-islamic-bank-limited/financial-statements?companyId=22&stockId=22,ICB Islamic Bank Limited,22
RDFOOD,Food & Allied,http://lankabd.com/dse/stock-market/RDFOOD/rangpur-dairy-&-food-products-limited/financial-statements?companyId=276&stockId=274,Rangpur Dairy & Food Products Limited,274
CITYGENINS,Insurance,http://lankabd.com/dse/stock-market/CITYGENINS/city-general-insurance-company-limited/financial-statements?companyId=193&stockId=193,City General Insurance Company Limited,193
STANDARINS,Insurance,http://lankabd.com/dse/stock-market/STANDARINS/standard-insurance-limited/financial-statements?companyId=229&stockId=229,Standard Insurance Limited,229
AAMRATECH,IT Sector,http://lankabd.com/dse/stock-market/AAMRATECH/aamra-technologies-limited/financial-statements?companyId=312&stockId=297,Aamra Technologies Limited,297
ILFSL,Financial Institutions,http://lankabd.com/dse/stock-market/ILFSL/international-leasing-&-financial-services-limited/financial-statements?companyId=73&stockId=73,International Leasing & Financial Services Limited,73
MEGHNAPET,Food & Allied,http://lankabd.com/dse/stock-market/MEGHNAPET/meghna-pet-industries-limited/financial-statements?companyId=96&stockId=96,Meghna Pet Industries Limited,96
CENTRALPHL,Pharmaceuticals & Chemicals,http://lankabd.com/dse/stock-market/CENTRALPHL/centralphl/financial-statements?companyId=329&stockId=567,Central Pharmaceuticals Limited,567
SONARBAINS,Insurance,http://lankabd.com/dse/stock-market/SONARBAINS/sonar-bangla-insurance-limited/financial-statements?companyId=228&stockId=228,Sonar Bangla Insurance Limited,228
BAYLEASING,Financial Institutions,http://lankabd.com/dse/stock-market/BAYLEASING/bay-leasing-&-investment-limited/financial-statements?companyId=65&stockId=65,Bay Leasing & Investment Limited,65
PRAGATILIF,Insurance,http://lankabd.com/dse/stock-market/PRAGATILIF/pragati-life-insurance-limited/financial-statements?companyId=217&stockId=217,Pragati Life Insurance Limited,217
ACTIVEFINE,Pharmaceuticals & Chemicals,http://lankabd.com/dse/stock-market/ACTIVEFINE/active-fine-chemicals-limited/financial-statements?companyId=133&stockId=133,Active Fine Chemicals Limited,133
DELTASPINN,Textile,http://lankabd.com/dse/stock-market/DELTASPINN/delta-spinners-limited/financial-statements?companyId=168&stockId=168,Delta Spinners Limited,168
ANLIMAYARN,Textile,http://lankabd.com/dse/stock-market/ANLIMAYARN/anlima-yarn-dyeing-limited/financial-statements?companyId=163&stockId=163,Anlima Yarn Dyeing Limited,163
NORTHRNINS,Insurance,http://lankabd.com/dse/stock-market/NORTHRNINS/northern-general-insurance-co.-ltd./financial-statements?companyId=210&stockId=210,Northern General Insurance Co. Ltd.,210
ICB,Financial Institutions,http://lankabd.com/dse/stock-market/ICB/investment-corporation-of-bangladesh/financial-statements?companyId=71&stockId=71,Investment Corporation of Bangladesh,71
BSC,Miscellaneous,http://lankabd.com/dse/stock-market/BSC/bangladesh-shipping-corporation/financial-statements?companyId=124&stockId=124,Bangladesh Shipping Corporation,124
MIDASFIN,Financial Institutions,http://lankabd.com/dse/stock-market/MIDASFIN/midas-financing-limited/financial-statements?companyId=77&stockId=77,MIDAS Financing Limited,77
SIMTEX,Textile,http://lankabd.com/dse/stock-market/SIMTEX/simtex-industries-ltd./financial-statements?companyId=362&stockId=637,Simtex Industries Ltd.,637
UTTARAFIN,Financial Institutions,http://lankabd.com/dse/stock-market/UTTARAFIN/uttara-finance-limited/financial-statements?companyId=85&stockId=85,Uttara Finance Limited,85
GENNEXT,Textile,http://lankabd.com/dse/stock-market/GENNEXT/generation-next-fashions-limited/financial-statements?companyId=313&stockId=300,Generation Next Fashions Limited,300
REPUBLIC,Insurance,http://lankabd.com/dse/stock-market/REPUBLIC/republic-insurance-company-limited/financial-statements?companyId=224&stockId=224,Republic Insurance Company Limited,224
REGENTTEX,Textile,http://lankabd.com/dse/stock-market/REGENTTEX/regent-textile-mills-limited/financial-statements?companyId=363&stockId=638,Regent Textile Mills Limited,638
EASTRNLUB,Fuel & Power,http://lankabd.com/dse/stock-market/EASTRNLUB/eastern-lubricants-blenders-limited/financial-statements?companyId=105&stockId=105,Eastern Lubricants Blenders Limited,105
RUPALILIFE,Insurance,http://lankabd.com/dse/stock-market/RUPALILIFE/rupali-life-insurance-company-limited/financial-statements?companyId=226&stockId=226,Rupali Life Insurance Company Limited,226
GBBPOWER,Fuel & Power,http://lankabd.com/dse/stock-market/GBBPOWER/gbb-power-limited/financial-statements?companyId=289&stockId=284,GBB Power Limited,284
BDFINANCE,Financial Institutions,http://lankabd.com/dse/stock-market/BDFINANCE/bangladesh-finance-and-investment-company-limited/financial-statements?companyId=66&stockId=66,Bangladesh Finance and Investment Company Limited,66
WMSHIPYARD,Engineering,http://lankabd.com/dse/stock-market/WMSHIPYARD/western-marine-shipyard-limited/financial-statements?companyId=345&stockId=622,Western Marine Shipyard Limited,622
WATACHEM,Pharmaceuticals & Chemicals,http://lankabd.com/dse/stock-market/WATACHEM/wata-chemicals-ltd/financial-statements?companyId=343&stockId=609,Wata Chemicals Ltd,609
BRACBANK,Bank,http://lankabd.com/dse/stock-market/BRACBANK/brac-bank-limited/financial-statements?companyId=15&stockId=15,BRAC Bank Limited,15
HAKKANIPUL,Paper & Printing,http://lankabd.com/dse/stock-market/HAKKANIPUL/hakkani-pulp-&-paper-mills-limited/financial-statements?companyId=130&stockId=130,Hakkani Pulp & Paper Mills Limited,130
PHPMF1,Mutual Funds,http://lankabd.com/dse/stock-market/PHPMF1/php-first-mutual-fund/financial-statements?companyId=266&stockId=266,PHP First Mutual Fund,266
GQBALLPEN,Miscellaneous,http://lankabd.com/dse/stock-market/GQBALLPEN/gq-ball-pen-industries-limited/financial-statements?companyId=125&stockId=125,GQ Ball Pen Industries Limited,125
DOREENPWR,Fuel & Power,http://lankabd.com/dse/stock-market/DOREENPWR/doreen-power-generations-and-systems-limited/financial-statements?companyId=368&stockId=643,Doreen Power Generations and Systems Limited,643
FARCHEM,Pharmaceuticals & Chemicals,http://lankabd.com/dse/stock-market/FARCHEM/far-chemicals-industries-limited/financial-statements?companyId=336&stockId=612,Far Chemicals Industries Limited,612
PHOENIXFIN,Financial Institutions,http://lankabd.com/dse/stock-market/PHOENIXFIN/phoenix-finance-and-investments-limited/financial-statements?companyId=79&stockId=79,Phoenix Finance and Investments Limited,79
ZAHEENSPIN,Textile,http://lankabd.com/dse/stock-market/ZAHEENSPIN/zaheen-spinning-limited/financial-statements?companyId=353&stockId=629,Zaheen Spinning Limited,629
JANATAINS,Insurance,http://lankabd.com/dse/stock-market/JANATAINS/janata-insurance-company-ltd./financial-statements?companyId=204&stockId=204,Janata Insurance Company Ltd.,204
SHURWID,Engineering,http://lankabd.com/dse/stock-market/SHURWID/shurwid-industries-limited/financial-statements?companyId=347&stockId=619,Shurwid Industries Limited,619
ICBAMCL2ND,Mutual Funds,http://lankabd.com/dse/stock-market/ICBAMCL2ND/icb-amcl-second-mutual-fund/financial-statements?companyId=259&stockId=259,ICB AMCL Second Mutual Fund,259
KEYACOSMET,Pharmaceuticals & Chemicals,http://lankabd.com/dse/stock-market/KEYACOSMET/keya-cosmetics-limited/financial-statements?companyId=141&stockId=141,Keya Cosmetics Limited,141
YPL,Engineering,http://lankabd.com/dse/stock-market/YPL/yeakin-polymer-limited/financial-statements?companyId=371&stockId=647,Yeakin Polymer Limited,647
