industry,stockID,ticker,name,link
Engineering,48,BDTHAI,Bangladesh Thai Aluminium Limited,http://lankabd.com/dse/stock-market/BDTHAI/bangladesh-thai-aluminium-limited/financial-statements?companyId=48&stockId=48
Textile,273,ZAHINTEX,Zahintex Industries Limited,http://lankabd.com/dse/stock-market/ZAHINTEX/zahintex-industries-limited/financial-statements?companyId=286&stockId=273
Financial Institutions,69,FASFIN,FAS Finance & Investment Limited,http://lankabd.com/dse/stock-market/FASFIN/fas-finance-&-investment-limited/financial-statements?companyId=69&stockId=69
Food & Allied,604,EMERALDOIL,Emerald Oil Industries Limited,http://lankabd.com/dse/stock-market/EMERALDOIL/emeraldoil/financial-statements?companyId=333&stockId=604
Insurance,198,EASTLAND ,Eastland Insurance Company Limited,http://lankabd.com/dse/stock-market/EASTLAND/eastland-insurance-company-limited/financial-statements?companyId=198&stockId=198
Insurance,213,PHENIXINS,Phoenix Insurance Company Ltd.,http://lankabd.com/dse/stock-market/PHENIXINS/phoenix-insurance-company-ltd./financial-statements?companyId=213&stockId=213
Food & Allied,100,ZEALBANGLA,Zeal Bangla Sugar Mills Limited,http://lankabd.com/dse/stock-market/ZEALBANGLA/zeal-bangla-sugar-mills-limited/financial-statements?companyId=100&stockId=100
Bank,41,UTTARABANK,Uttara Bank Limited,http://lankabd.com/dse/stock-market/UTTARABANK/uttara-bank-limited/financial-statements?companyId=41&stockId=41
Travel & Leisure,296,UNIQUEHRL,Unique Hotel & Resorts Limited,http://lankabd.com/dse/stock-market/UNIQUEHRL/unique-hotel-&-resorts-limited/financial-statements?companyId=311&stockId=296
Pharmaceuticals & Chemicals,131,ACI,ACI Limited,http://lankabd.com/dse/stock-market/ACI/aci-limited/financial-statements?companyId=131&stockId=131
Mutual Funds,255,ICB1STNRB,ICB AMCL 1st NRB Mutual Fund,http://lankabd.com/dse/stock-market/ICB1STNRB/icb-amcl-1st-nrb-mutual-fund/financial-statements?companyId=255&stockId=255
Tannery Industries,157,BATASHOE,Bata Shoe Limited,http://lankabd.com/dse/stock-market/BATASHOE/bata-shoe-limited/financial-statements?companyId=157&stockId=157
Textile,162,ALLTEX,Alltex Industries Limited,http://lankabd.com/dse/stock-market/ALLTEX/alltex-industries-limited/financial-statements?companyId=162&stockId=162
Insurance,214,PIONEERINS,Pioneer Insurance Comapny Limited,http://lankabd.com/dse/stock-market/PIONEERINS/pioneer-insurance-comapny-limited/financial-statements?companyId=214&stockId=214
Mutual Funds,269,SEBL1STMF,Southeast Bank 1st Mutual Fund,http://lankabd.com/dse/stock-market/SEBL1STMF/southeast-bank-1st-mutual-fund/financial-statements?companyId=269&stockId=269
Textile,185,TALLUSPIN,Tallu Spinning Spinning Mills Limited,http://lankabd.com/dse/stock-market/TALLUSPIN/tallu-spinning-spinning-mills-limited/financial-statements?companyId=185&stockId=185
Textile,184,STYLECRAFT,Stylecraft Limited,http://lankabd.com/dse/stock-market/STYLECRAFT/stylecraft-limited/financial-statements?companyId=184&stockId=184
Ceramics Sector,10,RAKCERAMIC,Bangladesh) Limited,http://lankabd.com/dse/stock-market/RAKCERAMIC/rak-ceramics-(bangladesh)-limited/financial-statements?companyId=10&stockId=10
Mutual Funds,249,DBH1STMF,DBH First Mutual Fund,http://lankabd.com/dse/stock-market/DBH1STMF/dbh-first-mutual-fund/financial-statements?companyId=249&stockId=249
Insurance,218,PRIMEINSUR,Prime Insurance Company Limited,http://lankabd.com/dse/stock-market/PRIMEINSUR/prime-insurance-company-limited/financial-statements?companyId=218&stockId=218
Textile,646,ETL,Evince Textiles Limited,http://lankabd.com/dse/stock-market/ETL/evince-textiles-limited/financial-statements?companyId=370&stockId=646
Textile,169,DSHGARME,Desh Garmants Limited,http://lankabd.com/dse/stock-market/DSHGARME/desh-garmants-limited/financial-statements?companyId=169&stockId=169
Textile,167,DACCADYE,The Dacca Dyeing & Manufacturing Co.Limited,http://lankabd.com/dse/stock-market/DACCADYE/the-dacca-dyeing-&-manufacturing-co.limited/financial-statements?companyId=167&stockId=167
Pharmaceuticals & Chemicals,150,SQURPHARMA,Square Pharmaceuticals Limited,http://lankabd.com/dse/stock-market/SQURPHARMA/square-pharmaceuticals-limited/financial-statements?companyId=150&stockId=150
Services & Real Estate,153,SAMORITA,Samorita Hospital Limited,http://lankabd.com/dse/stock-market/SAMORITA/samorita-hospital-limited/financial-statements?companyId=153&stockId=153
Insurance,227,SANDHANINS,Sandhani Life Insurance,http://lankabd.com/dse/stock-market/SANDHANINS/sandhani-life-insurance/financial-statements?companyId=227&stockId=227
Cement,7,MICEMENT,M.I. Cement Factory Limited,http://lankabd.com/dse/stock-market/MICEMENT/m.i.-cement-factory-limited/financial-statements?companyId=7&stockId=7
Insurance,195,DELTALIFE,Delta Life Insurance Limited,http://lankabd.com/dse/stock-market/DELTALIFE/delta-life-insurance-limited/financial-statements?companyId=195&stockId=195
Insurance,206,MEGHNALIFE,Meghna Life Insurance Company Limited,http://lankabd.com/dse/stock-market/MEGHNALIFE/meghna-life-insurance-company-limited/financial-statements?companyId=206&stockId=206
Engineering,43,ANWARGALV,Anwar Galvanizing Limited,http://lankabd.com/dse/stock-market/ANWARGALV/anwar-galvanizing-limited/financial-statements?companyId=43&stockId=43
Mutual Funds,264,MBL1STMF,MBL 1st Mutual Fund,http://lankabd.com/dse/stock-market/MBL1STMF/mbl-1st-mutual-fund/financial-statements?companyId=264&stockId=264
Insurance,219,PRIMELIFE,Prime Islami Life Insurance Limited,http://lankabd.com/dse/stock-market/PRIMELIFE/prime-islami-life-insurance-limited/financial-statements?companyId=219&stockId=219
Bank,38,STANDBANKL,Standard Bank Limited,http://lankabd.com/dse/stock-market/STANDBANKL/standard-bank-limited/financial-statements?companyId=38&stockId=38
Mutual Funds,263,IFILISLMF1,IFIL Islamic Mutual Fund-1,http://lankabd.com/dse/stock-market/IFILISLMF1/ifil-islamic-mutual-fund-1/financial-statements?companyId=263&stockId=263
Fuel & Power,108,MPETROLEUM,Meghna Petroleum Limited,http://lankabd.com/dse/stock-market/MPETROLEUM/meghna-petroleum-limited/financial-statements?companyId=108&stockId=108
Mutual Funds,641,VAMLBDMF1,Vanguard AML BD Finance Mutual Fund One,http://lankabd.com/dse/stock-market/VAMLBDMF1/vanguard-aml-bd-finance-mutual-fund-one/financial-statements?companyId=366&stockId=641
Insurance,211,PARAMOUNT,Paramount Insurance Co. Ltd.,http://lankabd.com/dse/stock-market/PARAMOUNT/paramount-insurance-co.-ltd./financial-statements?companyId=211&stockId=211
Textile,170,DULAMIACOT,Dulamia Cotton Spinning Mills Limited,http://lankabd.com/dse/stock-market/DULAMIACOT/dulamia-cotton-spinning-mills-limited/financial-statements?companyId=170&stockId=170
Pharmaceuticals & Chemicals,644,ACMELAB,The ACME Laboratories Limited,http://lankabd.com/dse/stock-market/ACMELAB/the-acme-laboratories-limited-/financial-statements?companyId=369&stockId=644
Engineering,61,RANFOUNDRY,Rangpur Foundry Limited,http://lankabd.com/dse/stock-market/RANFOUNDRY/rangpur-foundry-limited/financial-statements?companyId=61&stockId=61
Textile,608,HWAWELLTEX,BD) Limited,http://lankabd.com/dse/stock-market/HWAWELLTEX/hwa-well-textiles-(bd)-limited/financial-statements?companyId=335&stockId=608
Mutual Funds,247,AIBL1STIMF,AIBL 1st Islamic Mutual Fund,http://lankabd.com/dse/stock-market/AIBL1STIMF/aibl-1st-islamic-mutual-fund/financial-statements?companyId=247&stockId=247
Mutual Funds,630,ATCSLGF,Asian Tiger Sandhani Life Growth Fund,http://lankabd.com/dse/stock-market/ATCSLGF/asian-tiger-sandhani-life-growth-fund/financial-statements?companyId=354&stockId=630
Mutual Funds,271,RELIANCE1,Reliance One the 1st scheme of Reliance Insurance Mutual Fund,http://lankabd.com/dse/stock-market/RELIANCE1/reliance-one-the-1st-scheme-of-reliance-insurance-mutual-fund/financial-statements?companyId=271&stockId=271
Mutual Funds,292,NCCBLMF1,NCCBL MUTUAL FUND-1,http://lankabd.com/dse/stock-market/NCCBLMF1/nccbl-mutual-fund-1/financial-statements?companyId=308&stockId=292
Textile,176,MODERNDYE,Modern Dyeing & Screen Printing Limited,http://lankabd.com/dse/stock-market/MODERNDYE/modern-dyeing-&-screen-printing-limited/financial-statements?companyId=176&stockId=176
Insurance,209,NITOLINS,Nitol Insurance Company Limited,http://lankabd.com/dse/stock-market/NITOLINS/nitol-insurance-company-limited/financial-statements?companyId=209&stockId=209
Insurance,188,AGRANINS,Agrani Insurance Company Ltd.,http://lankabd.com/dse/stock-market/AGRANINS/agrani-insurance-company-ltd./financial-statements?companyId=188&stockId=188
Fuel & Power,101,BDWELDING,Bangladesh Welding Electrodes Limited,http://lankabd.com/dse/stock-market/BDWELDING/bangladesh-welding-electrodes-limited/financial-statements?companyId=101&stockId=101
Ceramics Sector,8,FUWANGCER,Fu-Wang Ceramic Limited,http://lankabd.com/dse/stock-market/FUWANGCER/fu-wang-ceramic-limited/financial-statements?companyId=8&stockId=8
Mutual Funds,566,EXIM1STMF,EXIM Bank 1st Mutual Fund,http://lankabd.com/dse/stock-market/EXIM1STMF/exim1stmf/financial-statements?companyId=323&stockId=566
Food & Allied,59,OLYMPIC ,Olympic Industries,http://lankabd.com/dse/stock-market/OLYMPIC/olympic-industries/financial-statements?companyId=59&stockId=59
Telecommunication,279,BSCCL,Bangladesh Submarine Cable Company Limited,http://lankabd.com/dse/stock-market/BSCCL/bangladesh-submarine-cable-company-limited--/financial-statements?companyId=292&stockId=279
Pharmaceuticals & Chemicals,325,ORIONPHARM,Orion Pharma Limited,http://lankabd.com/dse/stock-market/ORIONPHARM/orion-pharma-limited/financial-statements?companyId=318&stockId=325
Engineering,51,ECABLES,Eastern Cables Limited,http://lankabd.com/dse/stock-market/ECABLES/eastern-cables-limited/financial-statements?companyId=51&stockId=51
Bank,1,ABBANK,AB Bank Limited,http://lankabd.com/dse/stock-market/ABBANK/ab-bank-limited/financial-statements?companyId=1&stockId=1
Cement,5,LAFSURCEML,Lafarge Surma Cement Limited,http://lankabd.com/dse/stock-market/LAFSURCEML/lafarge-surma-cement-limited/financial-statements?companyId=5&stockId=5
Textile,180,SAFKOSPINN,Safko Spinnings Mills Limited,http://lankabd.com/dse/stock-market/SAFKOSPINN/safko-spinnings-mills-limited/financial-statements?companyId=180&stockId=180
Textile,564,FAMILYTEX,BD) Limited,http://lankabd.com/dse/stock-market/FAMILYTEX/familytex-(bd)-limited/financial-statements?companyId=321&stockId=564
Pharmaceuticals & Chemicals,143,LIBRAINFU,Libra Infusions Limited,http://lankabd.com/dse/stock-market/LIBRAINFU/libra-infusions-limited/financial-statements?companyId=143&stockId=143
Textile,172,MAKSONSPIN,Maksons Spinning Mills Limited,http://lankabd.com/dse/stock-market/MAKSONSPIN/maksons-spinning-mills-limited/financial-statements?companyId=172&stockId=172
Insurance,203,ISLAMIINS,Islami Insurance Bangladesh Limited,http://lankabd.com/dse/stock-market/ISLAMIINS/islami-insurance-bangladesh-limited/financial-statements?companyId=203&stockId=203
Fuel & Power,613,SPCL,Shahjibazar Power Co. Ltd.,http://lankabd.com/dse/stock-market/SPCL/shahjibazar-power-co.-ltd./financial-statements?companyId=337&stockId=613
Mutual Funds,640,SEMLLECMF,SEML Lecture Equity Management Fund,http://lankabd.com/dse/stock-market/SEMLLECMF/seml-lecture-equity-management-fund/financial-statements?companyId=365&stockId=640
Mutual Funds,651,CAPMBDBLMF,CAPM BDBL Mutual Fund 01,http://lankabd.com/dse/stock-market/CAPMBDBLMF/capm-bdbl-mutual-fund-01/financial-statements?companyId=374&stockId=651
Cement,4,HEIDELBCEM,Heidelberg Cement Bangladesh Limited,http://lankabd.com/dse/stock-market/HEIDELBCEM/heidelberg-cement-bangladesh-limited/financial-statements?companyId=4&stockId=4
Food & Allied,88,BANGAS,Bangas Limited,http://lankabd.com/dse/stock-market/BANGAS/bangas-limited/financial-statements?companyId=88&stockId=88
Pharmaceuticals & Chemicals,135,BEACONPHAR,Beacon Pharmaceuticals Limited,http://lankabd.com/dse/stock-market/BEACONPHAR/beacon-pharmaceuticals-limited/financial-statements?companyId=135&stockId=135
Insurance,208,NATLIFEINS,National Life Insurance Company Limited,http://lankabd.com/dse/stock-market/NATLIFEINS/national-life-insurance-company-limited/financial-statements?companyId=208&stockId=208
Cement,6,MEGHNACEM,Meghna Cement Mills Limited,http://lankabd.com/dse/stock-market/MEGHNACEM/meghna-cement-mills-limited/financial-statements?companyId=6&stockId=6
Miscellaneous,121,ARAMIT,Aramit Limited,http://lankabd.com/dse/stock-market/ARAMIT/aramit-limited/financial-statements?companyId=121&stockId=121
Telecommunication,160,GP,Grameenphone Limited,http://lankabd.com/dse/stock-market/GP/grameenphone-limited/financial-statements?companyId=160&stockId=160
Fuel & Power,631,UPGDCL,United Power Generation & Distribution Company Limited,http://lankabd.com/dse/stock-market/UPGDCL/united-power-generation-&-distribution-company-limited/financial-statements?companyId=355&stockId=631
Mutual Funds,256,ICB2NDNRB,ICB AMCL 2nd NRB Mutual Fund,http://lankabd.com/dse/stock-market/ICB2NDNRB/icb-amcl-2nd-nrb-mutual-fund/financial-statements?companyId=256&stockId=256
Pharmaceuticals & Chemicals,565,JMISMDL,JMI Syringes & Medical Devices Ltd,http://lankabd.com/dse/stock-market/JMISMDL/jmi-syringes-&-medical-devices-ltd/financial-statements?companyId=325&stockId=565
Mutual Funds,254,GREENDELMF,Green Delta Mutual Fund,http://lankabd.com/dse/stock-market/GREENDELMF/green-delta-mutual-fund/financial-statements?companyId=254&stockId=254
Textile,290,SAIHAMCOT,Saiham Cotton Mills Limited,http://lankabd.com/dse/stock-market/SAIHAMCOT/saiham-cotton-mills-limited/financial-statements?companyId=303&stockId=290
Textile,183,SQUARETEXT,Square Textile Limited,http://lankabd.com/dse/stock-market/SQUARETEXT/square-textile-limited/financial-statements?companyId=183&stockId=183
Bank,18,DUTCHBANGL,Dutch-Bangla Bank Limited,http://lankabd.com/dse/stock-market/DUTCHBANGL/dutch-bangla-bank-limited/financial-statements?companyId=18&stockId=18
Pharmaceuticals & Chemicals,137,BXSYNTH,Beximco Synthetics Limited,http://lankabd.com/dse/stock-market/BXSYNTH/beximco-synthetics-limited/financial-statements?companyId=137&stockId=137
IT Sector,114,BDCOM,BDCOM Online Limited,http://lankabd.com/dse/stock-market/BDCOM/bdcom-online-limited/financial-statements?companyId=114&stockId=114
Pharmaceuticals & Chemicals,147,RECKITTBEN,Reckitt Benckiser(Bd.)Limited,http://lankabd.com/dse/stock-market/RECKITTBEN/reckitt-benckiser(bd.)limited/financial-statements?companyId=147&stockId=147
Mutual Funds,649,VAMLRBBF,Vanguard AML Rupali Bank Balanced Fund,http://lankabd.com/dse/stock-market/VAMLRBBF/vanguard-aml-rupali-bank-balanced-fund/financial-statements?companyId=373&stockId=649
Engineering,47,BDLAMPS,Bangladesh Lamps Limited,http://lankabd.com/dse/stock-market/BDLAMPS/bangladesh-lamps-limited/financial-statements?companyId=47&stockId=47
Mutual Funds,563,ICBSONALI1,ICB AMCL Sonali Bank Limited 1st Mutual Fund,http://lankabd.com/dse/stock-market/ICBSONALI1/icb-amcl-sonali-bank-limited-1st-mutual-fund/financial-statements?companyId=324&stockId=563
Miscellaneous,129,USMANIAGL,Usmania Glass Sheet Factory Limited,http://lankabd.com/dse/stock-market/USMANIAGL/usmania-glass-sheet-factory-limited/financial-statements?companyId=129&stockId=129
Textile,174,METROSPIN,Metro Spinning Limited,http://lankabd.com/dse/stock-market/METROSPIN/metro-spinning-limited/financial-statements?companyId=174&stockId=174
Insurance,215,POPULARLIF,Popular Life Insurance Co. Limited,http://lankabd.com/dse/stock-market/POPULARLIF/popular-life-insurance-co.-limited/financial-statements?companyId=215&stockId=215
Tannery Industries,158,LEGACYFOOT,Legacy Footwear Limited,http://lankabd.com/dse/stock-market/LEGACYFOOT/legacy-footwear-limited/financial-statements?companyId=158&stockId=158
Pharmaceuticals & Chemicals,138,GLAXOSMITH,Glaxo SmithKline PLC,http://lankabd.com/dse/stock-market/GLAXOSMITH/glaxo-smithkline-plc/financial-statements?companyId=138&stockId=138
Food & Allied,89,BATBC,British American Tobacco Bangladesh Company,http://lankabd.com/dse/stock-market/BATBC/british-american-tobacco-bangladesh-company/financial-statements?companyId=89&stockId=89
Pharmaceuticals & Chemicals,148,RENATA,Renata Limited,http://lankabd.com/dse/stock-market/RENATA/renata-limited/financial-statements?companyId=148&stockId=148
Engineering,632,BSRMLTD,Bangladesh Steel Re-Rolling Mills Limited,http://lankabd.com/dse/stock-market/BSRMLTD/bangladesh-steel-re-rolling-mills-limited/financial-statements?companyId=356&stockId=632
Mutual Funds,293,NLI1STMF,NLI FIRST MUTUAL FUND,http://lankabd.com/dse/stock-market/NLI1STMF/nli-first-mutual-fund/financial-statements?companyId=309&stockId=293
Textile,175,MITHUNKNIT,Mithun Knitting and Dyeing Limited,http://lankabd.com/dse/stock-market/MITHUNKNIT/mithun-knitting-and-dyeing-limited/financial-statements?companyId=175&stockId=175
Engineering,56,NAVANACNG,Navana CNG Limited,http://lankabd.com/dse/stock-market/NAVANACNG/navana-cng-limited/financial-statements?companyId=56&stockId=56
Pharmaceuticals & Chemicals,146,PHARMAID,Pharma Aids Limited,http://lankabd.com/dse/stock-market/PHARMAID/pharma-aids-limited/financial-statements?companyId=146&stockId=146
Mutual Funds,268,PRIME1ICBA,Prime Bank 1st ICB AMCL Mutual Fund,http://lankabd.com/dse/stock-market/PRIME1ICBA/prime-bank-1st-icb-amcl-mutual-fund/financial-statements?companyId=268&stockId=268
Food & Allied,86,AMCL(PRAN),Agricultural Marketing Co Ltd.,http://lankabd.com/dse/stock-market/AMCL(PRAN)/agricultural-marketing-co-ltd./financial-statements?companyId=86&stockId=86
Pharmaceuticals & Chemicals,134,AMBEEPHA,Ambee Pharmaceuticals Limited,http://lankabd.com/dse/stock-market/AMBEEPHA/ambee-pharmaceuticals-limited/financial-statements?companyId=134&stockId=134
Fuel & Power,111,SUMITPOWER,Summit Power Limited,http://lankabd.com/dse/stock-market/SUMITPOWER/summit-power-limited/financial-statements?companyId=111&stockId=111
Mutual Funds,253,GRAMEENS2,Grameen One : Scheme Two,http://lankabd.com/dse/stock-market/GRAMEENS2/grameen-one-:-scheme-two/financial-statements?companyId=253&stockId=253
Food & Allied,87,APEXFOODS,Apex Foods Limited,http://lankabd.com/dse/stock-market/APEXFOODS/apexfoods-/financial-statements?companyId=87&stockId=87
Pharmaceuticals & Chemicals,144,MARICO,Marico Bangladesh Limited,http://lankabd.com/dse/stock-market/MARICO/marico-bangladesh-limited/financial-statements?companyId=144&stockId=144
Tannery Industries,155,APEXFOOT,Apex Footwear Limited,http://lankabd.com/dse/stock-market/APEXFOOT/apex-footwear-limited/financial-statements?companyId=155&stockId=155
Mutual Funds,232,LRGLOBMF1,LR Global Bangladesh Mutual Fund One,http://lankabd.com/dse/stock-market/LRGLOBMF1/lr-global-bangladesh-mutual-fund-one/financial-statements?companyId=232&stockId=232
Insurance,199,FAREASTLIF,Fareast Islami Life Insurance Company Limited,http://lankabd.com/dse/stock-market/FAREASTLIF/fareast-islami-life-insurance-company-limited/financial-statements?companyId=199&stockId=199
Pharmaceuticals & Chemicals,139,IBNSINA,The Ibn Sina Pharmaceutical Industry Limited,http://lankabd.com/dse/stock-market/IBNSINA/the-ibn-sina-pharmaceutical-industry-limited/financial-statements?companyId=139&stockId=139
Pharmaceuticals & Chemicals,142,KOHINOOR,Kohinoor Chemicals Limited,http://lankabd.com/dse/stock-market/KOHINOOR/kohinoor-chemicals-limited/financial-statements?companyId=142&stockId=142
Corporate Bond,235,IBBLPBOND,IBBL Mudaraba Perpetual Bond,http://lankabd.com/dse/stock-market/IBBLPBOND/ibbl-mudaraba-perpetual-bond/financial-statements?companyId=235&stockId=235
Bank,14,BANKASIA,Bank Asia Limited,http://lankabd.com/dse/stock-market/BANKASIA/bank-asia-limited/financial-statements?companyId=14&stockId=14
Fuel & Power,107,KPCL,Khulna Power Company Limited,http://lankabd.com/dse/stock-market/KPCL/khulna-power-company-limited/financial-statements?companyId=107&stockId=107
Financial Institutions,68,DBH,Delta Brac Housing Finance Corp. Limited,http://lankabd.com/dse/stock-market/DBH/delta-brac-housing-finance-corp.-limited/financial-statements?companyId=68&stockId=68
Engineering,62,RENWICKJA,Bd),http://lankabd.com/dse/stock-market/RENWICKJA/renwick-jajneswar-&-company-(bd)/financial-statements?companyId=62&stockId=62
Engineering,49,BSRMSTEEL,BSRM Steels Limited,http://lankabd.com/dse/stock-market/BSRMSTEEL/bsrm-steels-limited/financial-statements?companyId=49&stockId=49
Bank,40,UCB,United Commercial Bank Limited,http://lankabd.com/dse/stock-market/UCB/united-commercial-bank-limited/financial-statements?companyId=40&stockId=40
Ceramics Sector,11,SPCERAMICS,Shinepukur Ceramics Limited,http://lankabd.com/dse/stock-market/SPCERAMICS/shinepukur-ceramics-limited/financial-statements?companyId=11&stockId=11
Insurance,189,ASIAINS,Asia Insurance Limited,http://lankabd.com/dse/stock-market/ASIAINS/asia-insurance-limited/financial-statements?companyId=189&stockId=189
Food & Allied,98,RAHIMAFOOD,Rahima Food Limited,http://lankabd.com/dse/stock-market/RAHIMAFOOD/rahima-food-limited/financial-statements?companyId=98&stockId=98
Insurance,212,PEOPLESINS,Peoples Insurance Company Limited,http://lankabd.com/dse/stock-market/PEOPLESINS/peoples-insurance-company-limited/financial-statements?companyId=212&stockId=212
Textile,611,FEKDIL,Far East Knitting & Dyeing Industries Limited,http://lankabd.com/dse/stock-market/FEKDIL/far-east-knitting-&-dyeing-industries-limited/financial-statements?companyId=341&stockId=611
Fuel & Power,272,MJLBD,MJL Bangladesh Limited,http://lankabd.com/dse/stock-market/MJLBD/mjl-bangladesh-limited/financial-statements?companyId=285&stockId=272
Fuel & Power,289,LINDEBD,Linde Bangladesh Limited,http://lankabd.com/dse/stock-market/LINDEBD/linde-bangladesh-limited/financial-statements?companyId=302&stockId=289
Food & Allied,90,BEACHHATCH,Beach Hatchery Limited,http://lankabd.com/dse/stock-market/BEACHHATCH/beach-hatchery-limited/financial-statements?companyId=90&stockId=90
Mutual Funds,250,EBL1STMF,EBL First Mutual Fund,http://lankabd.com/dse/stock-market/EBL1STMF/ebl-first-mutual-fund/financial-statements?companyId=250&stockId=250
Pharmaceuticals & Chemicals,132,ACIFORMULA,ACI Formulations Limited,http://lankabd.com/dse/stock-market/ACIFORMULA/aci-formulations-limited/financial-statements?companyId=132&stockId=132
Ceramics Sector,9,MONNOCERA,Monno Ceramic Industries Limited,http://lankabd.com/dse/stock-market/MONNOCERA/monno-ceramic-industries-limited/financial-statements?companyId=9&stockId=9
Insurance,205,KARNAPHULI,Karnaphuli Insurance Company Ltd.,http://lankabd.com/dse/stock-market/KARNAPHULI/karnaphuli-insurance-company-ltd./financial-statements?companyId=205&stockId=205
Textile,171,HRTEX,H.R.Textile Mills Limited,http://lankabd.com/dse/stock-market/HRTEX/h.r.textile-mills-limited/financial-statements?companyId=171&stockId=171
Fuel & Power,110,POWERGRID,Power Grid Company of Bangladesh Limited,http://lankabd.com/dse/stock-market/POWERGRID/power-grid-company-of-bangladesh-limited/financial-statements?companyId=110&stockId=110
Mutual Funds,260,ICBEPMF1S1,ICB Employees Provident MF 1: Scheme 1,http://lankabd.com/dse/stock-market/ICBEPMF1S1/icb-employees-provident-mf-1:-scheme-1/financial-statements?companyId=260&stockId=260
Engineering,45,AZIZPIPES ,Aziz Pipes Limited,http://lankabd.com/dse/stock-market/AZIZPIPES/aziz-pipes-limited/financial-statements?companyId=45&stockId=45
Financial Institutions,78,NHFIL,National Housing Finance and Investment Limited,http://lankabd.com/dse/stock-market/NHFIL/national-housing-finance-and-investment-limited/financial-statements?companyId=78&stockId=78
Pharmaceuticals & Chemicals,145,ORIONINFU,Orion Infusion Limited,http://lankabd.com/dse/stock-market/ORIONINFU/orion-infusion-limited/financial-statements?companyId=145&stockId=145
Miscellaneous,122,BERGERPBL,Berger Paints Bangladesh Limited,http://lankabd.com/dse/stock-market/BERGERPBL/berger-paints-bangladesh-limited/financial-statements?companyId=122&stockId=122
IT Sector,116,INTECH,Intech Limited,http://lankabd.com/dse/stock-market/INTECH/intech-limited/financial-statements?companyId=116&stockId=116
IT Sector,639,ITC,Information Technology Consultants Limited,http://lankabd.com/dse/stock-market/ITC/information-technology-consultants-limited/financial-statements?companyId=364&stockId=639
Mutual Funds,270,TRUSTB1MF,Trust Bank 1st Mutual Fund,http://lankabd.com/dse/stock-market/TRUSTB1MF/trust-bank-1st-mutual-fund/financial-statements?companyId=270&stockId=270
Mutual Funds,267,POPULAR1MF,Popular Life First Mutual Fund,http://lankabd.com/dse/stock-market/POPULAR1MF/popular-life-first-mutual-fund/financial-statements?companyId=267&stockId=267
Engineering,597,APOLOISPAT,Appollo Ispat Complex Limited,http://lankabd.com/dse/stock-market/APOLOISPAT/appollo-ispat-complex-limited/financial-statements?companyId=320&stockId=597
Bank,16,CITYBANK,The City Bank Limited,http://lankabd.com/dse/stock-market/CITYBANK/the-city-bank-limited/financial-statements?companyId=16&stockId=16
Cement,2,ARAMITCEM ,Aramit Cement,http://lankabd.com/dse/stock-market/ARAMITCEM/aramit-cement/financial-statements?companyId=2&stockId=2
Services & Real Estate,151,EHL,Eastern Housing Limited,http://lankabd.com/dse/stock-market/EHL/eastern-housing-limited/financial-statements?companyId=151&stockId=151
Insurance,223,RELIANCINS,Reliance Insurance Limited,http://lankabd.com/dse/stock-market/RELIANCINS/reliance-insurance-limited/financial-statements?companyId=223&stockId=223
Engineering,50,DESHBANDHU,Deshbandhu Polymer Limited,http://lankabd.com/dse/stock-market/DESHBANDHU/deshbandhu-polymer-limited/financial-statements?companyId=50&stockId=50
Food & Allied,303,GHAIL,Golden Harvest Agro Industries Limited,http://lankabd.com/dse/stock-market/GHAIL/golden-harvest-agro-industries-limited/financial-statements?companyId=317&stockId=303
Tannery Industries,159,SAMATALETH,Samata Leather Complex Limited,http://lankabd.com/dse/stock-market/SAMATALETH/samata-leather-complex-limited/financial-statements?companyId=159&stockId=159
Services & Real Estate,621,SAIFPOWER,Saif Powertec Limited,http://lankabd.com/dse/stock-market/SAIFPOWER/saif-powertec-limited/financial-statements?companyId=342&stockId=621
Engineering,627,IFADAUTOS,IFAD Autos Limited,http://lankabd.com/dse/stock-market/IFADAUTOS/ifad-autos-limited/financial-statements?companyId=351&stockId=627
Textile,617,TUNGHAI,Tung Hai Knitting & Dyeing Limited,http://lankabd.com/dse/stock-market/TUNGHAI/tung-hai-knitting-&-dyeing-limited/financial-statements?companyId=340&stockId=617
Mutual Funds,257,ICB3RDNRB,ICB AMCL Third NRB Mutual Fund,http://lankabd.com/dse/stock-market/ICB3RDNRB/icb-amcl-third-nrb-mutual-fund/financial-statements?companyId=257&stockId=257
Engineering,58,NTLTUBES,National Tubes Limited,http://lankabd.com/dse/stock-market/NTLTUBES/national-tubes-limited/financial-statements?companyId=58&stockId=58
Textile,166,CMCKAMAL,CMC Kamal Textile Mills Limited,http://lankabd.com/dse/stock-market/CMCKAMAL/cmc-kamal-textile-mills-limited/financial-statements?companyId=166&stockId=166
Textile,606,MATINSPINN,Matin Spinning Mills Limited,http://lankabd.com/dse/stock-market/MATINSPINN/matin-spinning-mills-limited/financial-statements?companyId=334&stockId=606
Bank,25,JAMUNABANK,Jamuna Bank Limited,http://lankabd.com/dse/stock-market/JAMUNABANK/jamuna-bank-limited/financial-statements?companyId=25&stockId=25
Insurance,645,BNICL,Bangladesh National Insurance Company Limited,http://lankabd.com/dse/stock-market/BNICL/bangladesh-national-insurance-company-limited/financial-statements?companyId=360&stockId=645
Insurance,221,PROVATIINS,Provati Insurance Company Limited,http://lankabd.com/dse/stock-market/PROVATIINS/provati-insurance-company-limited/financial-statements?companyId=221&stockId=221
Mutual Funds,262,IFIC1STMF,IFIC Bank 1st Mutual Fund,http://lankabd.com/dse/stock-market/IFIC1STMF/ific-bank-1st-mutual-fund/financial-statements?companyId=262&stockId=262
Jute,119,NORTHERN,Northern Jute Manufacturing Company Limited,http://lankabd.com/dse/stock-market/NORTHERN/northern-jute-manufacturing-company-limited/financial-statements?companyId=119&stockId=119
Insurance,222,PURABIGEN,Purabi General Insurance Co. Ltd.,http://lankabd.com/dse/stock-market/PURABIGEN/purabi-general-insurance-co.-ltd./financial-statements?companyId=222&stockId=222
Bank,36,SIBL,Social Islami Bank Limited,http://lankabd.com/dse/stock-market/SIBL/social-islami-bank-limited/financial-statements?companyId=36&stockId=36
Engineering,63,SALAMCRST,S. Alam Cold Rolled Steels Limited,http://lankabd.com/dse/stock-market/SALAMCRST/s.-alam-cold-rolled-steels-limited/financial-statements?companyId=63&stockId=63
Financial Institutions,582,FAREASTFIN,Fareast Finance & Investment Limited,http://lankabd.com/dse/stock-market/FAREASTFIN/fareast-finance-&-investment-limited/financial-statements?companyId=326&stockId=582
Pharmaceuticals & Chemicals,149,SALVOCHEM,Salvo Chemical Industry Limited,http://lankabd.com/dse/stock-market/SALVOCHEM/salvo-chemical-industry-limited/financial-statements?companyId=149&stockId=149
Pharmaceuticals & Chemicals,602,AFCAGRO,AFC Agro Biotech Limited,http://lankabd.com/dse/stock-market/AFCAGRO/afc-agro-biotech-limited/financial-statements?companyId=332&stockId=602
Cement,3,CONFIDCEM,Confidence Cement Limited,http://lankabd.com/dse/stock-market/CONFIDCEM/confidence-cement-limited/financial-statements?companyId=3&stockId=3
Miscellaneous,635,AMANFEED,Aman Feed Limited,http://lankabd.com/dse/stock-market/AMANFEED/aman-feed-limited/financial-statements?companyId=359&stockId=635
Bank,27,MTB,Mutual Trust Bank Ltd.,http://lankabd.com/dse/stock-market/MTB/mutual-trust-bank-ltd./financial-statements?companyId=27&stockId=27
Bank,23,IFIC,IFIC Bank Limited,http://lankabd.com/dse/stock-market/IFIC/ific-bank-limited/financial-statements?companyId=23&stockId=23
Financial Institutions,72,IDLC,IDLC Finance Limited,http://lankabd.com/dse/stock-market/IDLC/idlc-finance-limited/financial-statements?companyId=72&stockId=72
Financial Institutions,76,LANKABAFIN,LankaBangla Finance Limited,http://lankabd.com/dse/stock-market/LANKABAFIN/lankabangla-finance-limited/financial-statements?companyId=76&stockId=76
Bank,39,TRUSTBANK,Trust Bank Limited,http://lankabd.com/dse/stock-market/TRUSTBANK/trust-bank-limited/financial-statements?companyId=39&stockId=39
IT Sector,117,ISNLTD,Information Services Network Limited,http://lankabd.com/dse/stock-market/ISNLTD/information-services-network-limited/financial-statements?companyId=117&stockId=117
Mutual Funds,291,FBFIF,First Bangladesh Fixed Income Fund,http://lankabd.com/dse/stock-market/FBFIF/first-bangladesh-fixed-income-fund/financial-statements?companyId=307&stockId=291
Insurance,230,TAKAFULINS,Takaful Islami Insurance Limited,http://lankabd.com/dse/stock-market/TAKAFULINS/takaful-islami-insurance-limited/financial-statements?companyId=230&stockId=230
Textile,177,PRIMETEX,Prime Textile Spinning Mills Limited,http://lankabd.com/dse/stock-market/PRIMETEX/prime-textile-spinning-mills-limited/financial-statements?companyId=177&stockId=177
Textile,624,HFL,Hamid Fabrics Limited,http://lankabd.com/dse/stock-market/HFL/hamid-fabrics-limited/financial-statements?companyId=348&stockId=624
Bank,31,PREMIERBAN,The Premier Bank Limited,http://lankabd.com/dse/stock-market/PREMIERBAN/the-premier-bank-limited/financial-statements?companyId=31&stockId=31
Bank,17,DHAKABANK,Dhaka Bank Limited,http://lankabd.com/dse/stock-market/DHAKABANK/dhaka-bank-limited/financial-statements?companyId=17&stockId=17
Food & Allied,94,GEMINISEA,Gemini Sea Food Limited,http://lankabd.com/dse/stock-market/GEMINISEA/gemini-sea-food-limited/financial-statements?companyId=94&stockId=94
Textile,587,PTL,Paramount Textile Limited,http://lankabd.com/dse/stock-market/PTL/paramount-textile-limited/financial-statements?companyId=328&stockId=587
Food & Allied,96,MEGHNAPET,Meghna Pet Industries Limited,http://lankabd.com/dse/stock-market/MEGHNAPET/meghna-pet-industries-limited/financial-statements?companyId=96&stockId=96
Textile,178,RAHIMTEXT,Rahim Textile Mills Limited,http://lankabd.com/dse/stock-market/RAHIMTEXT/rahim-textile-mills-limited/financial-statements?companyId=178&stockId=178
Pharmaceuticals & Chemicals,136,BXPHARMA,BEXIMCO Pharma,http://lankabd.com/dse/stock-market/BXPHARMA/beximco-pharma-/financial-statements?companyId=136&stockId=136
Bank,19,EBL,Eastern Bank Limited,http://lankabd.com/dse/stock-market/EBL/eastern-bank-limited/financial-statements?companyId=19&stockId=19
Insurance,226,RUPALILIFE,Rupali Life Insurance Company Limited,http://lankabd.com/dse/stock-market/RUPALILIFE/rupali-life-insurance-company-limited/financial-statements?companyId=226&stockId=226
Fuel & Power,284,GBBPOWER,GBB Power Limited,http://lankabd.com/dse/stock-market/GBBPOWER/gbb-power-limited/financial-statements?companyId=289&stockId=284
Textile,163,ANLIMAYARN,Anlima Yarn Dyeing Limited,http://lankabd.com/dse/stock-market/ANLIMAYARN/anlima-yarn-dyeing-limited/financial-statements?companyId=163&stockId=163
Bank,30,ONEBANKLTD,One Bank Limited,http://lankabd.com/dse/stock-market/ONEBANKLTD/one-bank-limited/financial-statements?companyId=30&stockId=30
Insurance,231,UNITEDINS,United Insurance Company Ltd.,http://lankabd.com/dse/stock-market/UNITEDINS/united-insurance-company-ltd./financial-statements?companyId=231&stockId=231
Insurance,197,EASTERNINS,Eastern Insurance Company Ltd.,http://lankabd.com/dse/stock-market/EASTERNINS/eastern-insurance-company-ltd./financial-statements?companyId=197&stockId=197
Fuel & Power,106,JAMUNAOIL,Jamuna Oil Company Limited,http://lankabd.com/dse/stock-market/JAMUNAOIL/jamuna-oil-company-limited/financial-statements?companyId=106&stockId=106
Miscellaneous,124,BSC,Bangladesh Shipping Corporation,http://lankabd.com/dse/stock-market/BSC/bangladesh-shipping-corporation/financial-statements?companyId=124&stockId=124
Financial Institutions,85,UTTARAFIN,Uttara Finance Limited,http://lankabd.com/dse/stock-market/UTTARAFIN/uttara-finance-limited/financial-statements?companyId=85&stockId=85
Pharmaceuticals & Chemicals,141,KEYACOSMET,Keya Cosmetics Limited,http://lankabd.com/dse/stock-market/KEYACOSMET/keya-cosmetics-limited/financial-statements?companyId=141&stockId=141
IT Sector,297,AAMRATECH,Aamra Technologies Limited,http://lankabd.com/dse/stock-market/AAMRATECH/aamra-technologies-limited/financial-statements?companyId=312&stockId=297
Financial Institutions,66,BDFINANCE,Bangladesh Finance and Investment Company Limited,http://lankabd.com/dse/stock-market/BDFINANCE/bangladesh-finance-and-investment-company-limited/financial-statements?companyId=66&stockId=66
Paper & Printing,130,HAKKANIPUL,Hakkani Pulp & Paper Mills Limited,http://lankabd.com/dse/stock-market/HAKKANIPUL/hakkani-pulp-&-paper-mills-limited/financial-statements?companyId=130&stockId=130
Mutual Funds,266,PHPMF1,PHP First Mutual Fund,http://lankabd.com/dse/stock-market/PHPMF1/php-first-mutual-fund/financial-statements?companyId=266&stockId=266
Fuel & Power,105,EASTRNLUB,Eastern Lubricants Blenders Limited,http://lankabd.com/dse/stock-market/EASTRNLUB/eastern-lubricants-blenders-limited/financial-statements?companyId=105&stockId=105
Pharmaceuticals & Chemicals,609,WATACHEM,Wata Chemicals Ltd,http://lankabd.com/dse/stock-market/WATACHEM/wata-chemicals-ltd/financial-statements?companyId=343&stockId=609
Textile,637,SIMTEX,Simtex Industries Ltd.,http://lankabd.com/dse/stock-market/SIMTEX/simtex-industries-ltd./financial-statements?companyId=362&stockId=637
Textile,638,REGENTTEX,Regent Textile Mills Limited,http://lankabd.com/dse/stock-market/REGENTTEX/regent-textile-mills-limited/financial-statements?companyId=363&stockId=638
Textile,629,ZAHEENSPIN,Zaheen Spinning Limited,http://lankabd.com/dse/stock-market/ZAHEENSPIN/zaheen-spinning-limited/financial-statements?companyId=353&stockId=629
Engineering,647,YPL,Yeakin Polymer Limited,http://lankabd.com/dse/stock-market/YPL/yeakin-polymer-limited/financial-statements?companyId=371&stockId=647
Fuel & Power,643,DOREENPWR,Doreen Power Generations and Systems Limited,http://lankabd.com/dse/stock-market/DOREENPWR/doreen-power-generations-and-systems-limited/financial-statements?companyId=368&stockId=643
Bank,15,BRACBANK,BRAC Bank Limited,http://lankabd.com/dse/stock-market/BRACBANK/brac-bank-limited/financial-statements?companyId=15&stockId=15
Insurance,224,REPUBLIC,Republic Insurance Company Limited,http://lankabd.com/dse/stock-market/REPUBLIC/republic-insurance-company-limited/financial-statements?companyId=224&stockId=224
Miscellaneous,125,GQBALLPEN,GQ Ball Pen Industries Limited,http://lankabd.com/dse/stock-market/GQBALLPEN/gq-ball-pen-industries-limited/financial-statements?companyId=125&stockId=125
Engineering,619,SHURWID,Shurwid Industries Limited,http://lankabd.com/dse/stock-market/SHURWID/shurwid-industries-limited/financial-statements?companyId=347&stockId=619
Financial Institutions,79,PHOENIXFIN,Phoenix Finance and Investments Limited,http://lankabd.com/dse/stock-market/PHOENIXFIN/phoenix-finance-and-investments-limited/financial-statements?companyId=79&stockId=79
Insurance,204,JANATAINS,Janata Insurance Company Ltd.,http://lankabd.com/dse/stock-market/JANATAINS/janata-insurance-company-ltd./financial-statements?companyId=204&stockId=204
IT Sector,113,AGNISYSL,Agni Systems Limited,http://lankabd.com/dse/stock-market/AGNISYSL/agni-systems-limited/financial-statements?companyId=113&stockId=113
Engineering,622,WMSHIPYARD,Western Marine Shipyard Limited,http://lankabd.com/dse/stock-market/WMSHIPYARD/western-marine-shipyard-limited/financial-statements?companyId=345&stockId=622
Mutual Funds,294,ABB1STMF,AB BANK 1ST MUTUAL FUND,http://lankabd.com/dse/stock-market/ABB1STMF/ab-bank-1st-mutual-fund/financial-statements?companyId=310&stockId=294
Bank,21,FIRSTSBANK,First Security Islami Bank Limited,http://lankabd.com/dse/stock-market/FIRSTSBANK/first-security-islami-bank-limited/financial-statements?companyId=21&stockId=21
Textile,300,GENNEXT,Generation Next Fashions Limited,http://lankabd.com/dse/stock-market/GENNEXT/generation-next-fashions-limited/financial-statements?companyId=313&stockId=300
Insurance,200,FEDERALINS,Federal Insurance Company Limited,http://lankabd.com/dse/stock-market/FEDERALINS/federal-insurance-company-limited/financial-statements?companyId=200&stockId=200
Financial Institutions,80,PLFSL,Peoples Leasing and Financial Services Limited,http://lankabd.com/dse/stock-market/PLFSL/peoples-leasing-and-financial-services-limited/financial-statements?companyId=80&stockId=80
Bank,35,SHAHJABANK,Shahjalal Islami Bank Limited,http://lankabd.com/dse/stock-market/SHAHJABANK/shahjalal-islami-bank-limited/financial-statements?companyId=35&stockId=35
Engineering,52,GOLDENSON,Golden Son Limited,http://lankabd.com/dse/stock-market/GOLDENSON/golden-son-limited/financial-statements?companyId=52&stockId=52
Bank,20,EXIMBANK,Exim) Bank of Bangladesh,http://lankabd.com/dse/stock-market/EXIMBANK/export-import-(exim)-bank-of-bangladesh/financial-statements?companyId=20&stockId=20
Travel & Leisure,187,UNITEDAIR,BD) Limited,http://lankabd.com/dse/stock-market/UNITEDAIR/united-airways-(bd)-limited/financial-statements?companyId=187&stockId=187
Pharmaceuticals & Chemicals,612,FARCHEM,Far Chemicals Industries Limited,http://lankabd.com/dse/stock-market/FARCHEM/far-chemicals-industries-limited/financial-statements?companyId=336&stockId=612
Engineering,57,NPOLYMAR,National Polymer Industries Limited,http://lankabd.com/dse/stock-market/NPOLYMAR/national-polymer-industries-limited/financial-statements?companyId=57&stockId=57
Textile,299,ENVOYTEX,Envoy Textiles Limited,http://lankabd.com/dse/stock-market/ENVOYTEX/envoy-textiles-limited/financial-statements?companyId=305&stockId=299
Miscellaneous,126,MIRACLEIND,Miracle Industries Limited,http://lankabd.com/dse/stock-market/MIRACLEIND/miracle-industries-limited/financial-statements?companyId=126&stockId=126
Financial Institutions,70,FIRSTFIN,First Finance Limited,http://lankabd.com/dse/stock-market/FIRSTFIN/first-finance-limited/financial-statements?companyId=70&stockId=70
Mutual Funds,236,1JANATAMF,First Janata Bank Mutual Fund,http://lankabd.com/dse/stock-market/1JANATAMF/first-janata-bank-mutual-fund/financial-statements?companyId=236&stockId=236
Mutual Funds,265,PF1STMF,Phoenix Finance 1st Mutual Fund,http://lankabd.com/dse/stock-market/PF1STMF/phoenix-finance-1st-mutual-fund/financial-statements?companyId=265&stockId=265
Mutual Funds,259,ICBAMCL2ND,ICB AMCL Second Mutual Fund,http://lankabd.com/dse/stock-market/ICBAMCL2ND/icb-amcl-second-mutual-fund/financial-statements?companyId=259&stockId=259
Food & Allied,95,MEGCONMILK,Meghna Condensed Milk Industries Limited,http://lankabd.com/dse/stock-market/MEGCONMILK/meghna-condensed-milk-industries-limited/financial-statements?companyId=95&stockId=95
Bank,33,PUBALIBANK,Pubali Bank Limited,http://lankabd.com/dse/stock-market/PUBALIBANK/pubali-bank-limited/financial-statements?companyId=33&stockId=33
Insurance,190,ASIAPACINS,Asia Pacific General Insurance Company Limited,http://lankabd.com/dse/stock-market/ASIAPACINS/asia-pacific-general-insurance-company-limited/financial-statements?companyId=190&stockId=190
Insurance,196,DHAKAINS,Dhaka Insurance Limited,http://lankabd.com/dse/stock-market/DHAKAINS/dhaka-insurance-limited/financial-statements?companyId=196&stockId=196
Textile,626,CNATEX,C & A Textiles Limited,http://lankabd.com/dse/stock-market/CNATEX/c-&-a-textiles-limited/financial-statements?companyId=350&stockId=626
Cement,302,PREMIERCEM,Premier Cement Mills Limited,http://lankabd.com/dse/stock-market/PREMIERCEM/premier-cement-mills-limited/financial-statements?companyId=314&stockId=302
Food & Allied,97,NTC,National Tea Company Limited,http://lankabd.com/dse/stock-market/NTC/national-tea-company-limited/financial-statements?companyId=97&stockId=97
Bank,13,ALARABANK,Al-Arafah Islami Bank Limited,http://lankabd.com/dse/stock-market/ALARABANK/al-arafah-islami-bank-limited/financial-statements?companyId=13&stockId=13
Fuel & Power,112,TITASGAS,Titas Gas Transmission & Distribution Company Limited,http://lankabd.com/dse/stock-market/TITASGAS/titas-gas-transmission-&-distribution-company-limited/financial-statements?companyId=112&stockId=112
Tannery Industries,156,APEXTANRY,Apex Tannery Limited,http://lankabd.com/dse/stock-market/APEXTANRY/apex-tannery-limited/financial-statements?companyId=156&stockId=156
Insurance,301,SUNLIFEINS,Sunlife Insurance Company Limited,http://lankabd.com/dse/stock-market/SUNLIFEINS/sunlife-insurance-company-limited/financial-statements?companyId=315&stockId=301
Engineering,64,SINGERBD,Singer Bangladesh Limited,http://lankabd.com/dse/stock-market/SINGERBD/singer-bangladesh-limited/financial-statements?companyId=64&stockId=64
Jute,120,SONALIANSH,Sonali Aansh Industries Limited,http://lankabd.com/dse/stock-market/SONALIANSH/sonali-aansh-industries-limited/financial-statements?companyId=120&stockId=120
Food & Allied,92,FINEFOODS,Fine Foods Limited,http://lankabd.com/dse/stock-market/FINEFOODS/fine-foods-limited/financial-statements?companyId=92&stockId=92
Textile,642,DSSL,Dragon Sweater and Spinning Limited,http://lankabd.com/dse/stock-market/DSSL/dragon-sweater-and-spinning-limited/financial-statements?companyId=367&stockId=642
Fuel & Power,102,BARKAPOWER,Baraka Power Limited,http://lankabd.com/dse/stock-market/BARKAPOWER/baraka-power-limited/financial-statements?companyId=102&stockId=102
Bank,28,NBL,National Bank Limited,http://lankabd.com/dse/stock-market/NBL/national-bank-limited/financial-statements?companyId=28&stockId=28
Textile,298,ARGONDENIM,Argon Denims Limited,http://lankabd.com/dse/stock-market/ARGONDENIM/argon-denims-limited/financial-statements?companyId=304&stockId=298
Engineering,636,KDSALTD,KDS Accessories Limited,http://lankabd.com/dse/stock-market/KDSALTD/kds-accessories-limited/financial-statements?companyId=361&stockId=636
Engineering,60,QSMDRYCELL,Quasem Drycells Limited,http://lankabd.com/dse/stock-market/QSMDRYCELL/quasem-drycells-limited/financial-statements?companyId=60&stockId=60
Engineering,55,MONNOSTAF,Monno Jute Stafflers Limited,http://lankabd.com/dse/stock-market/MONNOSTAF/monno-jute-stafflers-limited/financial-statements?companyId=55&stockId=55
Textile,182,SONARGAON,Sonargaon Textiles Limited,http://lankabd.com/dse/stock-market/SONARGAON/sonargaon-textiles-limited/financial-statements?companyId=182&stockId=182
Textile,599,MHSML,Mozaffar Hossain Spinning Mills Limited,http://lankabd.com/dse/stock-market/MHSML/mozaffar-hossain-spinning-mills-limited/financial-statements?companyId=331&stockId=599
Paper & Printing,614,KPPL,Khulna Printing & Packaging Limited,http://lankabd.com/dse/stock-market/KPPL/khulna-printing-&-packaging-limited/financial-statements?companyId=339&stockId=614
Ceramics Sector,12,STANCERAM,Standard Ceramic Limited,http://lankabd.com/dse/stock-market/STANCERAM/standard-ceramic-limited/financial-statements?companyId=12&stockId=12
Engineering,44,ATLASBANG,Atlas Bangladesh Limited,http://lankabd.com/dse/stock-market/ATLASBANG/atlas-bangladesh-limited/financial-statements?companyId=44&stockId=44
Services & Real Estate,154,SAPORTL,Summit Alliance Port Limited,http://lankabd.com/dse/stock-market/SAPORTL/summit-alliance-port-limited/financial-statements?companyId=154&stockId=154
Fuel & Power,104,DESCO,Dhaka Electric Supply Company Limited,http://lankabd.com/dse/stock-market/DESCO/dhaka-electric-supply-company-limited/financial-statements?companyId=104&stockId=104
Engineering,585,BBS,Bangladesh Building System Ltd.,http://lankabd.com/dse/stock-market/BBS/bangladesh-building-system-ltd./financial-statements?companyId=327&stockId=585
Insurance,202,GREENDELT,Green Delta Insurance Company Limited,http://lankabd.com/dse/stock-market/GREENDELT/green-delta-insurance-company-limited/financial-statements?companyId=202&stockId=202
Bank,34,RUPALIBANK,Rupali Bank Limited,http://lankabd.com/dse/stock-market/RUPALIBANK/rupali-bank-limited/financial-statements?companyId=34&stockId=34
Financial Institutions,84,UNIONCAP,Union Capital Limited,http://lankabd.com/dse/stock-market/UNIONCAP/union-capital-limited/financial-statements?companyId=84&stockId=84
Bank,32,PRIMEBANK,Prime Bank Limited,http://lankabd.com/dse/stock-market/PRIMEBANK/prime-bank-limited/financial-statements?companyId=32&stockId=32
Textile,161,AL-HAJTEX,Al-Haj Textile Mills Limited,http://lankabd.com/dse/stock-market/AL-HAJTEX/al-haj-textile-mills-limited/financial-statements?companyId=161&stockId=161
Mutual Funds,653,SEMLIBBLSF,SEML IBBL Shariah Fund,http://lankabd.com/dse/stock-market/SEMLIBBLSF/seml-ibbl-shariah-fund/financial-statements?companyId=376&stockId=653
Bank,24,ISLAMIBANK,Islami Bank Limited,http://lankabd.com/dse/stock-market/ISLAMIBANK/islami-bank-limited/financial-statements?companyId=24&stockId=24
Miscellaneous,623,KBPPWBIL,Khan Brothers PP Woven Bag Industries Ltd.,http://lankabd.com/dse/stock-market/KBPPWBIL/khan-brothers-pp-woven-bag-industries-ltd./financial-statements?companyId=346&stockId=623
Bank,37,SOUTHEASTB,Southeast Bank Limited,http://lankabd.com/dse/stock-market/SOUTHEASTB/southeast-bank-limited/financial-statements?companyId=37&stockId=37
Fuel & Power,109,PADMAOIL,Padma Oil Company Limited,http://lankabd.com/dse/stock-market/PADMAOIL/padma-oil-company-limited/financial-statements?companyId=109&stockId=109
Financial Institutions,75,ISLAMICFIN,Islamic Finance & Investment Limited,http://lankabd.com/dse/stock-market/ISLAMICFIN/islamic-finance-&-investment-limited/financial-statements?companyId=75&stockId=75
Financial Institutions,287,GSPFINANCE,Bangladesh) Limited,http://lankabd.com/dse/stock-market/GSPFINANCE/gsp-finance-company-(bangladesh)-limited-/financial-statements?companyId=300&stockId=287
Engineering,53,KAY&QUE,Kay and Que Bangladesh Limited,http://lankabd.com/dse/stock-market/KAY&QUE/kay-and-que-bangladesh-limited/financial-statements?companyId=53&stockId=53
Financial Institutions,81,PREMIERLEA,Premier Leasing & Finance Limited,http://lankabd.com/dse/stock-market/PREMIERLEA/premier-leasing-&-finance-limited/financial-statements?companyId=81&stockId=81
Financial Institutions,74,IPDC,IPDC Finance Limited,http://lankabd.com/dse/stock-market/IPDC/ipdc-finance-limited/financial-statements?companyId=74&stockId=74
Financial Institutions,67,BIFC,Bangladesh Industrial Fin. Company Limited,http://lankabd.com/dse/stock-market/BIFC/bangladesh-industrial-fin.-company-limited/financial-statements?companyId=67&stockId=67
Financial Institutions,82,PRIMEFIN,Prime Finance & Investment Limited,http://lankabd.com/dse/stock-market/PRIMEFIN/prime-finance-&-investment-limited/financial-statements?companyId=82&stockId=82
Textile,173,MALEKSPIN,Malek Spinning Mills Limited,http://lankabd.com/dse/stock-market/MALEKSPIN/malek-spinning-mills-limited/financial-statements?companyId=173&stockId=173
Insurance,194,CONTININS,Continental Insurance Limited,http://lankabd.com/dse/stock-market/CONTININS/continental-insurance-limited/financial-statements?companyId=194&stockId=194
Bank,26,MERCANBANK,Mercantile Bank Limited,http://lankabd.com/dse/stock-market/MERCANBANK/mercantile-bank-limited/financial-statements?companyId=26&stockId=26
Insurance,216,PRAGATIINS,Pragati Insurance Limited,http://lankabd.com/dse/stock-market/PRAGATIINS/pragati-insurance-limited/financial-statements?companyId=216&stockId=216
Pharmaceuticals & Chemicals,140,IMAMBUTTON,Imam Button Industries Limited,http://lankabd.com/dse/stock-market/IMAMBUTTON/imam-button-industries-limited/financial-statements?companyId=140&stockId=140
Textile,164,APEXSPINN,Apex Spinning & Knitting Mills Limited,http://lankabd.com/dse/stock-market/APEXSPINN/apex-spinning-&-knitting-mills-limited/financial-statements?companyId=164&stockId=164
Insurance,220,PROGRESLIF,Progressive Life Insurance Co. Limited,http://lankabd.com/dse/stock-market/PROGRESLIF/progressive-life-insurance-co.-limited/financial-statements?companyId=220&stockId=220
Miscellaneous,123,BEXIMCO,BEXIMCO Limited,http://lankabd.com/dse/stock-market/BEXIMCO/beximco-limited/financial-statements?companyId=123&stockId=123
Insurance,288,PADMALIFE,Padma Islami Life Insurance Limited,http://lankabd.com/dse/stock-market/PADMALIFE/padma-islami-life-insurance-limited-/financial-statements?companyId=301&stockId=288
Tannery Industries,648,FORTUNE,Fortune Shoes Limited,http://lankabd.com/dse/stock-market/FORTUNE/fortune-shoes-limited/financial-statements?companyId=372&stockId=648
Mutual Funds,251,EBLNRBMF,EBL NRB Mutual Fund,http://lankabd.com/dse/stock-market/EBLNRBMF/ebl-nrb-mutual-fund/financial-statements?companyId=251&stockId=251
Travel & Leisure,610,PENINSULA,The Peninsula Chittagong Limited,http://lankabd.com/dse/stock-market/PENINSULA/the-peninsula-chittagong-limited/financial-statements?companyId=338&stockId=610
Mutual Funds,239,1STPRIMFMF,Prime Finance First Mutual Fund,http://lankabd.com/dse/stock-market/1STPRIMFMF/prime-finance-first-mutual-fund/financial-statements?companyId=239&stockId=239
Engineering,46,BDAUTOCA,Bangladesh Autocars Limited,http://lankabd.com/dse/stock-market/BDAUTOCA/bangladesh-autocars-limited/financial-statements?companyId=46&stockId=46
Insurance,207,MERCINS,Mercantile Insurance Company Ltd.,http://lankabd.com/dse/stock-market/MERCINS/mercantile-insurance-company-ltd./financial-statements?companyId=207&stockId=207
Textile,650,SHEPHERD,Shepherd Industries Limited,http://lankabd.com/dse/stock-market/SHEPHERD/shepherd-industries-limited/financial-statements?companyId=377&stockId=650
Food & Allied,93,FUWANGFOOD,Fu Wang Foods Limited,http://lankabd.com/dse/stock-market/FUWANGFOOD/fu-wang-foods-limited/financial-statements?companyId=93&stockId=93
Insurance,192,CENTRALINS,Central Insurance Company Ltd.,http://lankabd.com/dse/stock-market/CENTRALINS/central-insurance-company-ltd./financial-statements?companyId=192&stockId=192
IT Sector,115,DAFODILCOM,Daffodil Computers Limited,http://lankabd.com/dse/stock-market/DAFODILCOM/daffodil-computers-limited/financial-statements?companyId=115&stockId=115
Engineering,561,BENGALWTL,Bengal Windsor Thermoplastics Limited,http://lankabd.com/dse/stock-market/BENGALWTL/bengal-windsor-thermoplastics-limited/financial-statements?companyId=319&stockId=561
Financial Institutions,83,UNITEDFIN,United Finance Limited,http://lankabd.com/dse/stock-market/UNITEDFIN/united-finance-limited/financial-statements?companyId=83&stockId=83
Textile,628,SHASHADNIM,Shasha Denims Limited,http://lankabd.com/dse/stock-market/SHASHADNIM/shasha-denims-limited/financial-statements?companyId=352&stockId=628
Bank,29,NCCBANK,NCC Bank Limited,http://lankabd.com/dse/stock-market/NCCBANK/ncc-bank-limited/financial-statements?companyId=29&stockId=29
Jute,118,JUTESPINN,Jute Spinners Limited,http://lankabd.com/dse/stock-market/JUTESPINN/jute-spinners-limited/financial-statements?companyId=118&stockId=118
Miscellaneous,128,SINOBANGLA,Sinobangla Industries Limited,http://lankabd.com/dse/stock-market/SINOBANGLA/sinobangla-industries-limited/financial-statements?companyId=128&stockId=128
Engineering,286,GPHISPAT,GPH Ispat Limited,http://lankabd.com/dse/stock-market/GPHISPAT/gph-ispat-limited/financial-statements?companyId=299&stockId=286
Miscellaneous,625,NFML,National Feed Mill Limited,http://lankabd.com/dse/stock-market/NFML/national-feed-mill-limited/financial-statements?companyId=349&stockId=625
Insurance,225,RUPALIINS,Rupali Insurance Company Limited,http://lankabd.com/dse/stock-market/RUPALIINS/rupali-insurance-company-limited/financial-statements?companyId=225&stockId=225
Fuel & Power,275,CVOPRL,CVO PETROCHEMICAL REFINERY LIMITED,http://lankabd.com/dse/stock-market/CVOPRL/cvo-petrochemical-refinery-limited/financial-statements?companyId=288&stockId=275
Pharmaceuticals & Chemicals,304,GHCL,Global Heavy Chemicals Limited,http://lankabd.com/dse/stock-market/GHCL/global-heavy-chemicals-limited/financial-statements?companyId=316&stockId=304
Textile,633,TOSRIFA,Tosrifa Industries Limited,http://lankabd.com/dse/stock-market/TOSRIFA/tosrifa-industries-limited/financial-statements?companyId=357&stockId=633
Miscellaneous,127,SAVAREFR,Savar Refractories Limited,http://lankabd.com/dse/stock-market/SAVAREFR/savar-refractories-limited/financial-statements?companyId=127&stockId=127
Food & Allied,99,SHYAMPSUG,Shyampur Sugar Mills Limited,http://lankabd.com/dse/stock-market/SHYAMPSUG/shyampur-sugar-mills-limited/financial-statements?companyId=99&stockId=99
Textile,652,PDL,Pacific Denims Limited,http://lankabd.com/dse/stock-market/PDL/pacific-denims-limited/financial-statements?companyId=375&stockId=652
Insurance,193,CITYGENINS,City General Insurance Company Limited,http://lankabd.com/dse/stock-market/CITYGENINS/city-general-insurance-company-limited/financial-statements?companyId=193&stockId=193
Textile,181,SAIHAMTEX,Saiham Textile Mills Limited,http://lankabd.com/dse/stock-market/SAIHAMTEX/saiham-textile-mills-limited/financial-statements?companyId=181&stockId=181
Engineering,634,OAL,Olympic Accessories Limited,http://lankabd.com/dse/stock-market/OAL/olympic-accessories-limited/financial-statements?companyId=358&stockId=634
Bank,22,ICBIBANK,ICB Islamic Bank Limited,http://lankabd.com/dse/stock-market/ICBIBANK/icb-islamic-bank-limited/financial-statements?companyId=22&stockId=22
Engineering,42,AFTABAUTO,Aftab Automobiles Limited,http://lankabd.com/dse/stock-market/AFTABAUTO/aftab-automobiles-limited/financial-statements?companyId=42&stockId=42
Insurance,229,STANDARINS,Standard Insurance Limited,http://lankabd.com/dse/stock-market/STANDARINS/standard-insurance-limited/financial-statements?companyId=229&stockId=229
Textile,168,DELTASPINN,Delta Spinners Limited,http://lankabd.com/dse/stock-market/DELTASPINN/delta-spinners-limited/financial-statements?companyId=168&stockId=168
Pharmaceuticals & Chemicals,133,ACTIVEFINE,Active Fine Chemicals Limited,http://lankabd.com/dse/stock-market/ACTIVEFINE/active-fine-chemicals-limited/financial-statements?companyId=133&stockId=133
Food & Allied,274,RDFOOD,Rangpur Dairy & Food Products Limited,http://lankabd.com/dse/stock-market/RDFOOD/rangpur-dairy-&-food-products-limited/financial-statements?companyId=276&stockId=274
Insurance,210,NORTHRNINS,Northern General Insurance Co. Ltd.,http://lankabd.com/dse/stock-market/NORTHRNINS/northern-general-insurance-co.-ltd./financial-statements?companyId=210&stockId=210
Engineering,620,RSRMSTEEL,Ratanpur Steel Re-Rolling Mills Limited,http://lankabd.com/dse/stock-market/RSRMSTEEL/rsrmsteel/financial-statements?companyId=344&stockId=620
Financial Institutions,77,MIDASFIN,MIDAS Financing Limited,http://lankabd.com/dse/stock-market/MIDASFIN/midas-financing-limited/financial-statements?companyId=77&stockId=77
Insurance,228,SONARBAINS,Sonar Bangla Insurance Limited,http://lankabd.com/dse/stock-market/SONARBAINS/sonar-bangla-insurance-limited/financial-statements?companyId=228&stockId=228
Financial Institutions,71,ICB,Investment Corporation of Bangladesh,http://lankabd.com/dse/stock-market/ICB/investment-corporation-of-bangladesh/financial-statements?companyId=71&stockId=71
Insurance,191,BGIC,Bangladesh General Insurance Company Ltd.,http://lankabd.com/dse/stock-market/BGIC/bangladesh-general-insurance-company-ltd.-/financial-statements?companyId=191&stockId=191
Insurance,217,PRAGATILIF,Pragati Life Insurance Limited,http://lankabd.com/dse/stock-market/PRAGATILIF/pragati-life-insurance-limited/financial-statements?companyId=217&stockId=217
Insurance,201,GLOBALINS,Global Insurance Ltd.,http://lankabd.com/dse/stock-market/GLOBALINS/global-insurance-ltd./financial-statements?companyId=201&stockId=201
Financial Institutions,73,ILFSL,International Leasing & Financial Services Limited,http://lankabd.com/dse/stock-market/ILFSL/international-leasing-&-financial-services-limited/financial-statements?companyId=73&stockId=73
Financial Institutions,65,BAYLEASING,Bay Leasing & Investment Limited,http://lankabd.com/dse/stock-market/BAYLEASING/bay-leasing-&-investment-limited/financial-statements?companyId=65&stockId=65
Textile,179,RNSPIN,R.N. Spinning Mills Limited,http://lankabd.com/dse/stock-market/RNSPIN/r.n.-spinning-mills-limited/financial-statements?companyId=179&stockId=179
Pharmaceuticals & Chemicals,567,CENTRALPHL,Central Pharmaceuticals Limited,http://lankabd.com/dse/stock-market/CENTRALPHL/centralphl/financial-statements?companyId=329&stockId=567
